seasonType,eventId,playOrder,playId,typeId,text,shortText,period,clockValue,clockDisplayValue,teamId,scoringPlay,shootout,wallclock,goalPositionX,goalPositionY,fieldpositionX,fieldPositionY,fieldPosition2X,fieldPosition2Y,athleteId,participant,updateDateTime
13724,758571,1,46282410,70,Gabby Hollar (Perth Glory) Goal at 28',Gabby Hollar Goal,1,1680,28',20282,0,0,2025-10-31 09:46:37,0.0,0.0,0.0,0.0,0.0,0.0,293935.0,Gabby Hollar,2025-11-01 05:17:19
13724,758571,2,46282419,70,Rola Badawiya (Perth Glory) Goal at 47',Rola Badawiya Goal,2,2820,47',20282,0,0,2025-10-31 10:22:39,0.0,0.0,0.0,0.0,0.0,0.0,262668.0,Rola Badawiya,2025-11-01 05:17:19
13724,758571,3,46282421,70,Ella Buchanan (Western Sydney ) Goal at 51',Ella Buchanan Goal,2,3060,51',20283,0,0,2025-10-31 10:26:07,0.0,0.0,0.0,0.0,0.0,0.0,380542.0,Ella Buchanan,2025-11-01 05:17:19
13724,758571,4,46282422,70,Gabby Hollar (Perth Glory) Goal at 52',Gabby Hollar Goal,2,3120,52',20282,0,0,2025-10-31 10:27:42,0.0,0.0,0.0,0.0,0.0,0.0,293935.0,Gabby Hollar,2025-11-01 05:17:19
13724,758571,5,46282424,76,Sarah O'Donoghue (Perth Glory) Substitution at 56',Sarah O'Donoghue Substitution,2,3360,56',20282,0,0,2025-10-31 10:31:57,0.0,0.0,0.0,0.0,0.0,0.0,374358.0,Sarah O'Donoghue,2025-11-01 05:17:19
13724,758571,5,46282424,76,Sarah O'Donoghue (Perth Glory) Substitution at 56',Sarah O'Donoghue Substitution,2,3360,56',20282,0,0,2025-10-31 10:31:57,0.0,0.0,0.0,0.0,0.0,0.0,293935.0,Gabby Hollar,2025-11-01 05:17:19
13724,758571,6,46282425,76,Bronte Trew (Perth Glory) Substitution at 57',Bronte Trew Substitution,2,3420,57',20282,0,0,2025-10-31 10:31:58,0.0,0.0,0.0,0.0,0.0,0.0,393890.0,Bronte Trew,2025-11-01 05:17:19
13724,758571,6,46282425,76,Bronte Trew (Perth Glory) Substitution at 57',Bronte Trew Substitution,2,3420,57',20282,0,0,2025-10-31 10:31:58,0.0,0.0,0.0,0.0,0.0,0.0,300524.0,Susan Phonsongkham,2025-11-01 05:17:19
13724,758571,7,46282426,76,Nikkita Fazzari (Western Sydney ) Substitution at 62',Nikkita Fazzari Substitution,2,3720,62',20283,0,0,2025-10-31 10:37:40,0.0,0.0,0.0,0.0,0.0,0.0,414113.0,Nikkita Fazzari,2025-11-01 05:17:19
13724,758571,8,46282427,76,Olivia Price (Western Sydney ) Substitution at 62',Olivia Price Substitution,2,3720,62',20283,0,0,2025-10-31 10:37:41,0.0,0.0,0.0,0.0,0.0,0.0,292977.0,Olivia Price,2025-11-01 05:17:19
13724,758571,7,46282426,76,Nikkita Fazzari (Western Sydney ) Substitution at 62',Nikkita Fazzari Substitution,2,3720,62',20283,0,0,2025-10-31 10:37:40,0.0,0.0,0.0,0.0,0.0,0.0,330644.0,Holly Caspers,2025-11-01 05:17:19
13724,758571,8,46282427,76,Olivia Price (Western Sydney ) Substitution at 62',Olivia Price Substitution,2,3720,62',20283,0,0,2025-10-31 10:37:41,0.0,0.0,0.0,0.0,0.0,0.0,374179.0,Talia Younis,2025-11-01 05:17:19
13724,758571,9,46282429,76,Alvina Khoshaba (Western Sydney ) Substitution at 75',Alvina Khoshaba Substitution,2,4500,75',20283,0,0,2025-10-31 10:50:42,0.0,0.0,0.0,0.0,0.0,0.0,414111.0,Alvina Khoshaba,2025-11-01 05:17:19
13724,758571,10,46282430,76,Charli Wainwright (Perth Glory) Substitution at 75',Charli Wainwright Substitution,2,4500,75',20282,0,0,2025-10-31 10:50:46,0.0,0.0,0.0,0.0,0.0,0.0,397470.0,Charli Wainwright,2025-11-01 05:17:19
13724,758571,9,46282429,76,Alvina Khoshaba (Western Sydney ) Substitution at 75',Alvina Khoshaba Substitution,2,4500,75',20283,0,0,2025-10-31 10:50:42,0.0,0.0,0.0,0.0,0.0,0.0,380542.0,Ella Buchanan,2025-11-01 05:17:19
13724,758571,10,46282430,76,Charli Wainwright (Perth Glory) Substitution at 75',Charli Wainwright Substitution,2,4500,75',20282,0,0,2025-10-31 10:50:46,0.0,0.0,0.0,0.0,0.0,0.0,336650.0,Emma Tovar,2025-11-01 05:17:19
13724,758571,11,46282431,94,Nikkita Fazzari (Western Sydney ) Yellow Card at 81',Nikkita Fazzari Yellow Card,2,4860,81',20283,0,0,2025-10-31 10:56:01,0.0,0.0,0.0,0.0,0.0,0.0,414113.0,Nikkita Fazzari,2025-11-01 05:17:19
13724,758571,12,46282433,76,Anika Stajcic (Western Sydney ) Substitution at 85',Anika Stajcic Substitution,2,5100,85',20283,0,0,2025-10-31 11:00:31,0.0,0.0,0.0,0.0,0.0,0.0,353105.0,Anika Stajcic,2025-11-01 05:17:19
13724,758571,12,46282433,76,Anika Stajcic (Western Sydney ) Substitution at 85',Anika Stajcic Substitution,2,5100,85',20283,0,0,2025-10-31 11:00:31,0.0,0.0,0.0,0.0,0.0,0.0,354861.0,Amy Chessari,2025-11-01 05:17:19
13724,758571,13,46282435,76,Mischa Anderson (Perth Glory) Substitution at 92',Mischa Anderson Substitution,2,5400,90'+2',20282,0,0,2025-10-31 11:07:52,0.0,0.0,0.0,0.0,0.0,0.0,374238.0,Mischa Anderson,2025-11-01 05:17:19
13724,758571,14,46282437,76,Ella Lincoln (Perth Glory) Substitution at 94',Ella Lincoln Substitution,2,5400,90'+4',20282,0,0,2025-10-31 11:09:12,0.0,0.0,0.0,0.0,0.0,0.0,397469.0,Ella Lincoln,2025-11-01 05:17:19
13724,758571,13,46282435,76,Mischa Anderson (Perth Glory) Substitution at 92',Mischa Anderson Substitution,2,5400,90'+2',20282,0,0,2025-10-31 11:07:52,0.0,0.0,0.0,0.0,0.0,0.0,300571.0,Julia Sardo,2025-11-01 05:17:19
13724,758571,14,46282437,76,Ella Lincoln (Perth Glory) Substitution at 94',Ella Lincoln Substitution,2,5400,90'+4',20282,0,0,2025-10-31 11:09:12,0.0,0.0,0.0,0.0,0.0,0.0,262668.0,Rola Badawiya,2025-11-01 05:17:19
13724,758572,1,46287796,97,Rebekah Stott (Melbourne City) Own Goal at 20',Rebekah Stott Own Goal,1,1200,20',20285,0,0,2025-11-01 03:34:25,0.0,0.0,0.0,0.0,0.0,0.0,,Rebekah Stott,2025-11-01 05:17:19
13724,758572,2,46287861,94,Riley Tanner (Sydney FC ) Yellow Card at 38',Riley Tanner Yellow Card,1,2280,38',20285,0,0,2025-11-01 03:52:58,0.0,0.0,0.0,0.0,0.0,0.0,359687.0,Riley Tanner,2025-11-01 05:17:19
13724,758572,3,46287870,70,Shelby Mcmahon (Melbourne City) Goal at 46',Shelby Mcmahon Goal,1,2700,45'+1',20280,0,0,2025-11-01 04:00:38,0.0,0.0,0.0,0.0,0.0,0.0,380263.0,Shelby Mcmahon,2025-11-01 05:17:19
13724,758572,4,46287932,76,Caley Tallon-Henniker (Sydney FC ) Substitution at 58',Caley Tallon-Henniker Substituti,2,3480,58',20285,0,0,2025-11-01 04:28:59,0.0,0.0,0.0,0.0,0.0,0.0,380543.0,Caley Tallon-Henniker,2025-11-02 05:17:11
13724,758572,5,46287933,76,Jodi Ulkekul (Sydney FC ) Substitution at 58',Jodi Ulkekul Substitution,2,3480,58',20285,0,0,2025-11-01 04:29:10,0.0,0.0,0.0,0.0,0.0,0.0,225749.0,Jodi Ulkekul,2025-11-02 05:17:11
13724,758572,4,46287932,76,Caley Tallon-Henniker (Sydney FC ) Substitution at 58',Caley Tallon-Henniker Substituti,2,3480,58',20285,0,0,2025-11-01 04:28:59,0.0,0.0,0.0,0.0,0.0,0.0,359687.0,Riley Tanner,2025-11-02 05:17:11
13724,758572,5,46287933,76,Jodi Ulkekul (Sydney FC ) Substitution at 58',Jodi Ulkekul Substitution,2,3480,58',20285,0,0,2025-11-01 04:29:10,0.0,0.0,0.0,0.0,0.0,0.0,393499.0,Amber Luchtmeijer,2025-11-02 05:17:11
13724,758572,6,46287939,98,Mackenzie Hawkesby (Sydney FC ) Penalty - Scored at 62',Mackenzie Hawkesby Penalty - Sco,2,3720,62',20285,0,0,2025-11-01 04:33:14,0.0,0.0,0.0,0.0,0.0,0.0,300579.0,Mackenzie Hawkesby,2025-11-02 05:17:11
13724,758572,7,46287969,76,Chinaza Uchendu (Melbourne City) Substitution at 67',Chinaza Uchendu Substitution,2,4020,67',20280,0,0,2025-11-01 04:38:03,0.0,0.0,0.0,0.0,0.0,0.0,284185.0,Chinaza Uchendu,2025-11-02 05:17:11
13724,758572,7,46287969,76,Chinaza Uchendu (Melbourne City) Substitution at 67',Chinaza Uchendu Substitution,2,4020,67',20280,0,0,2025-11-01 04:38:03,0.0,0.0,0.0,0.0,0.0,0.0,300750.0,Leah Davidson,2025-11-02 05:17:11
13724,758572,8,46288000,76,Madeleine Caspers (Sydney FC ) Substitution at 73',Madeleine Caspers Substitution,2,4380,73',20285,0,0,2025-11-01 04:44:05,0.0,0.0,0.0,0.0,0.0,0.0,377839.0,Madeleine Caspers,2025-11-02 05:17:11
13724,758572,8,46288000,76,Madeleine Caspers (Sydney FC ) Substitution at 73',Madeleine Caspers Substitution,2,4380,73',20285,0,0,2025-11-01 04:44:05,0.0,0.0,0.0,0.0,0.0,0.0,393508.0,Amelia Cassar,2025-11-02 05:17:11
13724,758572,9,46288012,70,Aideen Keane (Melbourne City) Goal at 75',Aideen Keane Goal,2,4500,75',20280,0,0,2025-11-01 04:45:49,0.0,0.0,0.0,0.0,0.0,0.0,312221.0,Aideen Keane,2025-11-02 05:17:11
13724,758572,10,46288032,94,Willa Pearson (Sydney FC ) Yellow Card at 80',Willa Pearson Yellow Card,2,4800,80',20285,0,0,2025-11-01 04:50:44,0.0,0.0,0.0,0.0,0.0,0.0,413526.0,Willa Pearson,2025-11-02 05:17:11
13724,758572,11,46288033,94,Chinaza Uchendu (Melbourne City) Yellow Card at 81',Chinaza Uchendu Yellow Card,2,4860,81',20280,0,0,2025-11-01 04:51:35,0.0,0.0,0.0,0.0,0.0,0.0,284185.0,Chinaza Uchendu,2025-11-02 05:17:11
13724,758572,12,46288063,76,Laurie-Ann Moïse (Sydney FC ) Substitution at 86',Laurie-Ann Moïse Substitution,2,5160,86',20285,0,0,2025-11-01 04:56:44,0.0,0.0,0.0,0.0,0.0,0.0,402846.0,Laurie-Ann Moïse,2025-11-02 05:17:11
13724,758572,12,46288063,76,Laurie-Ann Moïse (Sydney FC ) Substitution at 86',Laurie-Ann Moïse Substitution,2,5160,86',20285,0,0,2025-11-01 04:56:44,0.0,0.0,0.0,0.0,0.0,0.0,300579.0,Mackenzie Hawkesby,2025-11-02 05:17:11
13724,758572,13,46288067,76,Danella Butrus (Melbourne City) Substitution at 87',Danella Butrus Substitution,2,5220,87',20280,0,0,2025-11-01 04:58:14,0.0,0.0,0.0,0.0,0.0,0.0,413498.0,Danella Butrus,2025-11-02 05:17:11
13724,758572,13,46288067,76,Danella Butrus (Melbourne City) Substitution at 87',Danella Butrus Substitution,2,5220,87',20280,0,0,2025-11-01 04:58:14,0.0,0.0,0.0,0.0,0.0,0.0,300556.0,Leticia Mckenna,2025-11-02 05:17:11
13724,758573,1,46288142,70,Bente Jansen (Brisbane Roar) Goal at 22',Bente Jansen Goal,1,1320,22',20281,0,0,2025-11-01 06:42:48,0.0,0.0,0.0,0.0,0.0,0.0,309910.0,Bente Jansen,2025-11-02 05:17:11
13724,758573,2,46288143,70,Rhianna Pollicina (Melbourne Victory ) Goal at 34',Rhianna Pollicina Goal,1,2040,34',20284,0,0,2025-11-01 06:55:01,0.0,0.0,0.0,0.0,0.0,0.0,312316.0,Rhianna Pollicina,2025-11-02 05:17:11
13724,758573,3,46288144,70,Kennedy White (Melbourne Victory ) Goal at 41',Kennedy White Goal,1,2460,41',20284,0,0,2025-11-01 07:02:13,0.0,0.0,0.0,0.0,0.0,0.0,292667.0,Kennedy White,2025-11-02 05:17:11
13724,758573,4,46288163,70,Sharn Freier (Brisbane Roar) Goal at 64',Sharn Freier Goal,2,3840,64',20281,0,0,2025-11-01 07:42:11,0.0,0.0,0.0,0.0,0.0,0.0,312197.0,Sharn Freier,2025-11-02 05:17:11
13724,758573,5,46288165,76,Kijah Stephenson (Brisbane Roar) Substitution at 64',Kijah Stephenson Substitution,2,3840,64',20281,0,0,2025-11-01 07:42:50,0.0,0.0,0.0,0.0,0.0,0.0,353047.0,Kijah Stephenson,2025-11-02 05:17:11
13724,758573,5,46288165,76,Kijah Stephenson (Brisbane Roar) Substitution at 64',Kijah Stephenson Substitution,2,3840,64',20281,0,0,2025-11-01 07:42:50,0.0,0.0,0.0,0.0,0.0,0.0,354942.0,Zara Kruger,2025-11-02 05:17:11
13724,758573,6,46288166,76,Sienna Techera (Melbourne Victory ) Substitution at 66',Sienna Techera Substitution,2,3960,66',20284,0,0,2025-11-01 07:44:45,0.0,0.0,0.0,0.0,0.0,0.0,393835.0,Sienna Techera,2025-11-02 05:17:11
13724,758573,6,46288166,76,Sienna Techera (Melbourne Victory ) Substitution at 66',Sienna Techera Substitution,2,3960,66',20284,0,0,2025-11-01 07:44:45,0.0,0.0,0.0,0.0,0.0,0.0,353049.0,Rosie Curtis,2025-11-02 05:17:11
13724,758573,7,46288170,76,Tameka Yallop (Brisbane Roar) Substitution at 79',Tameka Yallop Substitution,2,4740,79',20281,0,0,2025-11-01 07:57:46,0.0,0.0,0.0,0.0,0.0,0.0,158688.0,Tameka Yallop,2025-11-02 05:17:11
13724,758573,7,46288170,76,Tameka Yallop (Brisbane Roar) Substitution at 79',Tameka Yallop Substitution,2,4740,79',20281,0,0,2025-11-01 07:57:46,0.0,0.0,0.0,0.0,0.0,0.0,374236.0,Grace Kuilamu,2025-11-02 05:17:11
13724,758573,8,46288171,94,Leia Varley (Brisbane Roar) Yellow Card at 82',Leia Varley Yellow Card,2,4920,82',20281,0,0,2025-11-01 08:00:33,0.0,0.0,0.0,0.0,0.0,0.0,331954.0,Leia Varley,2025-11-02 05:17:11
13724,758573,9,46288174,70,Tameka Yallop (Brisbane Roar) Goal at 86',Tameka Yallop Goal,2,5160,86',20281,0,0,2025-11-01 08:04:36,0.0,0.0,0.0,0.0,0.0,0.0,158688.0,Tameka Yallop,2025-11-02 05:17:11
13724,758573,10,46288200,76,Claudia Bunge (Melbourne Victory ) Substitution at 90',Claudia Bunge Substitution,2,5400,90',20284,0,0,2025-11-01 09:15:51,0.0,0.0,0.0,0.0,0.0,0.0,298746.0,Claudia Bunge,2025-11-02 05:17:11
13724,758573,10,46288200,76,Claudia Bunge (Melbourne Victory ) Substitution at 90',Claudia Bunge Substitution,2,5400,90',20284,0,0,2025-11-01 09:15:51,0.0,0.0,0.0,0.0,0.0,0.0,330653.0,Zoe Mcmeeken,2025-11-02 05:17:11
13724,758574,1,46304481,70,Peta Trimis (Central Coast Mariners) Goal at 39',Peta Trimis Goal,1,2340,39',21991,0,0,2025-11-02 03:54:30,0.0,0.0,0.0,0.0,0.0,0.0,368782.0,Peta Trimis,2025-11-02 05:17:11
13724,758574,2,46304494,70,Jynaya Dos Santos (Central Coast Mariners) Goal at 41',Jynaya Dos Santos Goal,1,2460,41',21991,0,0,2025-11-02 03:56:44,0.0,0.0,0.0,0.0,0.0,0.0,353102.0,Jynaya Dos Santos,2025-11-02 05:17:11
13724,758574,3,46304520,76,Blake Hughes (Central Coast Mariners) Substitution at 45',Blake Hughes Substitution,2,2700,45',21991,0,0,2025-11-02 04:18:28,0.0,0.0,0.0,0.0,0.0,0.0,397198.0,Blake Hughes,2025-11-02 05:17:11
13724,758574,3,46304520,76,Blake Hughes (Central Coast Mariners) Substitution at 45',Blake Hughes Substitution,2,2700,45',21991,0,0,2025-11-02 04:18:28,0.0,0.0,0.0,0.0,0.0,0.0,330633.0,Barrie Clough,2025-11-02 05:17:11
13724,758574,4,46304529,94,Melissa Taranto (Adelaide United ) Yellow Card at 50',Melissa Taranto Yellow Card,2,3000,50',20286,0,0,2025-11-02 04:23:32,0.0,0.0,0.0,0.0,0.0,0.0,353356.0,Melissa Taranto,2025-11-02 05:17:11
13724,758574,5,46304557,76,Paige Zois (Adelaide United ) Substitution at 62',Paige Zois Substitution,2,3720,62',20286,0,0,2025-11-02 04:35:23,0.0,0.0,0.0,0.0,0.0,0.0,312926.0,Paige Zois,2025-11-03 06:16:15
13724,758574,6,46304558,76,Carina Rossi (Adelaide United ) Substitution at 62',Carina Rossi Substitution,2,3720,62',20286,0,0,2025-11-02 04:35:30,0.0,0.0,0.0,0.0,0.0,0.0,393359.0,Carina Rossi,2025-11-03 06:16:15
13724,758574,5,46304557,76,Paige Zois (Adelaide United ) Substitution at 62',Paige Zois Substitution,2,3720,62',20286,0,0,2025-11-02 04:35:23,0.0,0.0,0.0,0.0,0.0,0.0,226437.0,Dylan Holmes,2025-11-03 06:16:15
13724,758574,6,46304558,76,Carina Rossi (Adelaide United ) Substitution at 62',Carina Rossi Substitution,2,3720,62',20286,0,0,2025-11-02 04:35:30,0.0,0.0,0.0,0.0,0.0,0.0,331955.0,Emilia Murray,2025-11-03 06:16:15
13724,758574,7,46304559,94,Greta Kraszula (Central Coast Mariners) Yellow Card at 64',Greta Kraszula Yellow Card,2,3840,64',21991,0,0,2025-11-02 04:37:02,0.0,0.0,0.0,0.0,0.0,0.0,348056.0,Greta Kraszula,2025-11-03 06:16:15
13724,758574,8,46304560,76,Isabel Gomez (Central Coast Mariners) Substitution at 67',Isabel Gomez Substitution,2,4020,67',21991,0,0,2025-11-02 04:39:54,0.0,0.0,0.0,0.0,0.0,0.0,312220.0,Isabel Gomez,2025-11-03 06:16:15
13724,758574,8,46304560,76,Isabel Gomez (Central Coast Mariners) Substitution at 67',Isabel Gomez Substitution,2,4020,67',21991,0,0,2025-11-02 04:39:54,0.0,0.0,0.0,0.0,0.0,0.0,368784.0,Tess Quilligan,2025-11-03 06:16:15
13724,758574,9,46304575,76,Holly Murray (Adelaide United ) Substitution at 72',Holly Murray Substitution,2,4320,72',20286,0,0,2025-11-02 04:45:35,0.0,0.0,0.0,0.0,0.0,0.0,353048.0,Holly Murray,2025-11-03 06:16:15
13724,758574,9,46304575,76,Holly Murray (Adelaide United ) Substitution at 72',Holly Murray Substitution,2,4320,72',20286,0,0,2025-11-02 04:45:35,0.0,0.0,0.0,0.0,0.0,0.0,280013.0,Isabel Hodgson,2025-11-03 06:16:15
13724,758574,10,46304587,76,Annalise Rasmussen (Central Coast Mariners) Substitution at 78',Annalise Rasmussen Substitution,2,4680,78',21991,0,0,2025-11-02 04:50:59,0.0,0.0,0.0,0.0,0.0,0.0,368783.0,Annalise Rasmussen,2025-11-03 06:16:15
13724,758574,11,46304588,76,Tiana Fuller (Central Coast Mariners) Substitution at 78',Tiana Fuller Substitution,2,4680,78',21991,0,0,2025-11-02 04:51:05,0.0,0.0,0.0,0.0,0.0,0.0,393819.0,Tiana Fuller,2025-11-03 06:16:15
13724,758574,10,46304587,76,Annalise Rasmussen (Central Coast Mariners) Substitution at 78',Annalise Rasmussen Substitution,2,4680,78',21991,0,0,2025-11-02 04:50:59,0.0,0.0,0.0,0.0,0.0,0.0,353102.0,Jynaya Dos Santos,2025-11-03 06:16:15
13724,758574,11,46304588,76,Tiana Fuller (Central Coast Mariners) Substitution at 78',Tiana Fuller Substitution,2,4680,78',21991,0,0,2025-11-02 04:51:05,0.0,0.0,0.0,0.0,0.0,0.0,414129.0,Isabella Coco-Di Sipio,2025-11-03 06:16:15
13724,758574,12,46304591,70,Isabel Gomez (Central Coast Mariners) Goal at 79',Isabel Gomez Goal,2,4740,79',21991,0,0,2025-11-02 04:52:29,0.0,0.0,0.0,0.0,0.0,0.0,312220.0,Isabel Gomez,2025-11-03 06:16:15
13724,758574,13,46304596,76,Sarah Morgan (Adelaide United ) Substitution at 85',Sarah Morgan Substitution,2,5100,85',20286,0,0,2025-11-02 04:57:53,0.0,0.0,0.0,0.0,0.0,0.0,312239.0,Sarah Morgan,2025-11-03 06:16:15
13724,758574,13,46304596,76,Sarah Morgan (Adelaide United ) Substitution at 85',Sarah Morgan Substitution,2,5100,85',20286,0,0,2025-11-02 04:57:53,0.0,0.0,0.0,0.0,0.0,0.0,300529.0,Emily Condon,2025-11-03 06:16:15
13724,758575,1,46304625,70,Michelle Heyman (Canberra United ) Goal at 14',Michelle Heyman Goal,1,840,14',20288,0,0,2025-11-02 05:15:18,0.0,0.0,0.0,0.0,0.0,0.0,158675.0,Michelle Heyman,2025-11-03 06:16:15
13724,758575,2,46304629,94,Emma Dundas (Newcastle Jets ) Yellow Card at 19',Emma Dundas Yellow Card,1,1140,19',20287,0,0,2025-11-02 05:20:07,0.0,0.0,0.0,0.0,0.0,0.0,374365.0,Emma Dundas,2025-11-03 06:16:15
13724,758575,3,46304631,70,Charlotte Lancaster (Newcastle Jets ) Goal at 33',Charlotte Lancaster Goal,1,1980,33',20287,0,0,2025-11-02 05:34:20,0.0,0.0,0.0,0.0,0.0,0.0,331638.0,Charlotte Lancaster,2025-11-03 06:16:15
13724,758575,4,46304633,76,Jazmin Jackmon (Canberra United ) Substitution at 47',Jazmin Jackmon Substitution,2,2820,47',20288,0,0,2025-11-02 06:10:49,0.0,0.0,0.0,0.0,0.0,0.0,230866.0,Jazmin Jackmon,2025-11-03 06:16:15
13724,758575,4,46304633,76,Jazmin Jackmon (Canberra United ) Substitution at 47',Jazmin Jackmon Substitution,2,2820,47',20288,0,0,2025-11-02 06:10:49,0.0,0.0,0.0,0.0,0.0,0.0,371425.0,Tegan Bertolissio,2025-11-03 06:16:15
13724,758575,5,46304635,76,Kelli Brown (Newcastle Jets ) Substitution at 64',Kelli Brown Substitution,2,3840,64',20287,0,0,2025-11-02 06:27:45,0.0,0.0,0.0,0.0,0.0,0.0,330652.0,Kelli Brown,2025-11-03 06:16:15
13724,758575,5,46304635,76,Kelli Brown (Newcastle Jets ) Substitution at 64',Kelli Brown Substitution,2,3840,64',20287,0,0,2025-11-02 06:27:45,0.0,0.0,0.0,0.0,0.0,0.0,393498.0,Claire Adams,2025-11-03 06:16:15
13724,758575,6,46304636,76,Keira Bobbin (Canberra United ) Substitution at 67',Keira Bobbin Substitution,2,4020,67',20288,0,0,2025-11-02 06:31:12,0.0,0.0,0.0,0.0,0.0,0.0,414131.0,Keira Bobbin,2025-11-03 06:16:15
13724,758575,6,46304636,76,Keira Bobbin (Canberra United ) Substitution at 67',Keira Bobbin Substitution,2,4020,67',20288,0,0,2025-11-02 06:31:12,0.0,0.0,0.0,0.0,0.0,0.0,331045.0,Bethany Gordon,2025-11-03 06:16:15
13724,758575,7,46304637,76,Olivia Page (Newcastle Jets ) Substitution at 73',Olivia Page Substitution,2,4380,73',20287,0,0,2025-11-02 06:37:10,0.0,0.0,0.0,0.0,0.0,0.0,351934.0,Olivia Page,2025-11-03 06:16:15
13724,758575,7,46304637,76,Olivia Page (Newcastle Jets ) Substitution at 73',Olivia Page Substitution,2,4380,73',20287,0,0,2025-11-02 06:37:10,0.0,0.0,0.0,0.0,0.0,0.0,300553.0,Lauren Allan,2025-11-03 06:16:15
13724,758575,8,46304638,76,Emma Hawkins (Canberra United ) Substitution at 78',Emma Hawkins Substitution,2,4680,78',20288,0,0,2025-11-02 06:42:32,0.0,0.0,0.0,0.0,0.0,0.0,348587.0,Emma Hawkins,2025-11-03 06:16:15
13724,758575,8,46304638,76,Emma Hawkins (Canberra United ) Substitution at 78',Emma Hawkins Substitution,2,4680,78',20288,0,0,2025-11-02 06:42:32,0.0,0.0,0.0,0.0,0.0,0.0,332521.0,Mary Stanic-Floody,2025-11-03 06:16:15
13724,758575,9,46304639,76,India Breier (Newcastle Jets ) Substitution at 81',India Breier Substitution,2,4860,81',20287,0,0,2025-11-02 06:45:10,0.0,0.0,0.0,0.0,0.0,0.0,368785.0,India Breier,2025-11-03 06:16:15
13724,758575,9,46304639,76,India Breier (Newcastle Jets ) Substitution at 81',India Breier Substitution,2,4860,81',20287,0,0,2025-11-02 06:45:10,0.0,0.0,0.0,0.0,0.0,0.0,331638.0,Charlotte Lancaster,2025-11-03 06:16:15
13724,758575,10,46304640,76,Ava Briedis (Canberra United ) Substitution at 87',Ava Briedis Substitution,2,5220,87',20288,0,0,2025-11-02 06:51:03,0.0,0.0,0.0,0.0,0.0,0.0,353051.0,Ava Briedis,2025-11-03 06:16:15
13724,758575,10,46304640,76,Ava Briedis (Canberra United ) Substitution at 87',Ava Briedis Substitution,2,5220,87',20288,0,0,2025-11-02 06:51:03,0.0,0.0,0.0,0.0,0.0,0.0,413500.0,Josephine Aulicino,2025-11-03 06:16:15
13724,758575,11,46304641,76,Zoe Karipidis (Newcastle Jets ) Substitution at 88',Zoe Karipidis Substitution,2,5280,88',20287,0,0,2025-11-02 06:52:05,0.0,0.0,0.0,0.0,0.0,0.0,374366.0,Zoe Karipidis,2025-11-03 06:16:15
13724,758575,11,46304641,76,Zoe Karipidis (Newcastle Jets ) Substitution at 88',Zoe Karipidis Substitution,2,5280,88',20287,0,0,2025-11-02 06:52:05,0.0,0.0,0.0,0.0,0.0,0.0,374197.0,Josie Wilson,2025-11-03 06:16:15
13724,758575,12,46304642,70,India Breier (Newcastle Jets ) Goal at 89',India Breier Goal,2,5340,89',20287,0,0,2025-11-02 06:53:06,0.0,0.0,0.0,0.0,0.0,0.0,368785.0,India Breier,2025-11-03 06:16:15
13724,758575,13,46304643,94,India Breier (Newcastle Jets ) Yellow Card at 93',India Breier Yellow Card,2,5400,90'+3',20287,0,0,2025-11-02 06:56:56,0.0,0.0,0.0,0.0,0.0,0.0,368785.0,India Breier,2025-11-03 06:16:15
13724,758576,1,46344781,70,Grace Kuilamu (Brisbane Roar) Goal at 21',Grace Kuilamu Goal,1,1260,21',20281,0,0,2025-11-07 08:21:11,0.0,0.0,0.0,0.0,0.0,0.0,374236.0,Grace Kuilamu,2025-11-08 06:13:50
13724,758576,2,46344782,70,Rola Badawiya (Perth Glory) Goal at 25',Rola Badawiya Goal,1,1500,25',20282,0,0,2025-11-07 08:25:11,0.0,0.0,0.0,0.0,0.0,0.0,262668.0,Rola Badawiya,2025-11-08 06:13:50
13724,758576,3,46344783,76,Susan Phonsongkham (Perth Glory) Substitution at 45',Susan Phonsongkham Substitution,2,2700,45',20282,0,0,2025-11-07 09:01:25,0.0,0.0,0.0,0.0,0.0,0.0,300524.0,Susan Phonsongkham,2025-11-08 06:13:50
13724,758576,3,46344783,76,Susan Phonsongkham (Perth Glory) Substitution at 45',Susan Phonsongkham Substitution,2,2700,45',20282,0,0,2025-11-07 09:01:25,0.0,0.0,0.0,0.0,0.0,0.0,293935.0,Gabby Hollar,2025-11-08 06:13:50
13724,758576,4,46344784,70,Bente Jansen (Brisbane Roar) Goal at 52',Bente Jansen Goal,2,3120,52',20281,0,0,2025-11-07 09:09:07,0.0,0.0,0.0,0.0,0.0,0.0,309910.0,Bente Jansen,2025-11-08 06:13:50
13724,758576,5,46344785,70,Bente Jansen (Brisbane Roar) Goal at 55',Bente Jansen Goal,2,3300,55',20281,0,0,2025-11-07 09:11:57,0.0,0.0,0.0,0.0,0.0,0.0,309910.0,Bente Jansen,2025-11-08 06:13:50
13724,758576,6,46344788,76,Tameka Yallop (Brisbane Roar) Substitution at 63',Tameka Yallop Substitution,2,3780,63',20281,0,0,2025-11-07 09:20:35,0.0,0.0,0.0,0.0,0.0,0.0,158688.0,Tameka Yallop,2025-11-08 06:13:50
13724,758576,6,46344788,76,Tameka Yallop (Brisbane Roar) Substitution at 63',Tameka Yallop Substitution,2,3780,63',20281,0,0,2025-11-07 09:20:35,0.0,0.0,0.0,0.0,0.0,0.0,353047.0,Kijah Stephenson,2025-11-08 06:13:50
13724,758576,7,46344789,76,Ella Lincoln (Perth Glory) Substitution at 71',Ella Lincoln Substitution,2,4260,71',20282,0,0,2025-11-07 09:28:24,0.0,0.0,0.0,0.0,0.0,0.0,397469.0,Ella Lincoln,2025-11-08 06:13:50
13724,758576,8,46344790,76,Mischa Anderson (Perth Glory) Substitution at 71',Mischa Anderson Substitution,2,4260,71',20282,0,0,2025-11-07 09:28:33,0.0,0.0,0.0,0.0,0.0,0.0,374238.0,Mischa Anderson,2025-11-08 06:13:50
13724,758576,9,46344791,76,Charli Wainwright (Perth Glory) Substitution at 71',Charli Wainwright Substitution,2,4260,71',20282,0,0,2025-11-07 09:28:40,0.0,0.0,0.0,0.0,0.0,0.0,397470.0,Charli Wainwright,2025-11-08 06:13:50
13724,758576,7,46344789,76,Ella Lincoln (Perth Glory) Substitution at 71',Ella Lincoln Substitution,2,4260,71',20282,0,0,2025-11-07 09:28:24,0.0,0.0,0.0,0.0,0.0,0.0,374358.0,Sarah O'Donoghue,2025-11-08 06:13:50
13724,758576,8,46344790,76,Mischa Anderson (Perth Glory) Substitution at 71',Mischa Anderson Substitution,2,4260,71',20282,0,0,2025-11-07 09:28:33,0.0,0.0,0.0,0.0,0.0,0.0,300571.0,Julia Sardo,2025-11-08 06:13:50
13724,758576,9,46344791,76,Charli Wainwright (Perth Glory) Substitution at 71',Charli Wainwright Substitution,2,4260,71',20282,0,0,2025-11-07 09:28:40,0.0,0.0,0.0,0.0,0.0,0.0,336650.0,Emma Tovar,2025-11-08 06:13:50
13724,758576,10,46344792,76,Bronte Trew (Perth Glory) Substitution at 80',Bronte Trew Substitution,2,4800,80',20282,0,0,2025-11-07 09:36:58,0.0,0.0,0.0,0.0,0.0,0.0,393890.0,Bronte Trew,2025-11-08 06:13:50
13724,758576,10,46344792,76,Bronte Trew (Perth Glory) Substitution at 80',Bronte Trew Substitution,2,4800,80',20282,0,0,2025-11-07 09:36:58,0.0,0.0,0.0,0.0,0.0,0.0,262668.0,Rola Badawiya,2025-11-08 06:13:50
13724,758576,11,46344793,76,Kiera Meyers (Brisbane Roar) Substitution at 84',Kiera Meyers Substitution,2,5040,84',20281,0,0,2025-11-07 09:40:57,0.0,0.0,0.0,0.0,0.0,0.0,359146.0,Kiera Meyers,2025-11-08 06:13:50
13724,758576,11,46344793,76,Kiera Meyers (Brisbane Roar) Substitution at 84',Kiera Meyers Substitution,2,5040,84',20281,0,0,2025-11-07 09:40:57,0.0,0.0,0.0,0.0,0.0,0.0,327573.0,Ashlyn Miller,2025-11-08 06:13:50
13724,758576,12,46344795,76,Ava Piazza (Brisbane Roar) Substitution at 90',Ava Piazza Substitution,2,5400,90',20281,0,0,2025-11-07 09:47:18,0.0,0.0,0.0,0.0,0.0,0.0,374101.0,Ava Piazza,2025-11-08 06:13:50
13724,758576,13,46344796,70,Ella Lincoln (Perth Glory) Goal at 92',Ella Lincoln Goal,2,5400,90'+2',20282,0,0,2025-11-07 09:49:44,0.0,0.0,0.0,0.0,0.0,0.0,397469.0,Ella Lincoln,2025-11-08 06:13:50
13724,758576,12,46344795,76,Ava Piazza (Brisbane Roar) Substitution at 90',Ava Piazza Substitution,2,5400,90',20281,0,0,2025-11-07 09:47:18,0.0,0.0,0.0,0.0,0.0,0.0,331954.0,Leia Varley,2025-11-08 06:13:50
13724,758577,1,46349335,70,Josephine Aulicino (Canberra United ) Goal at 18',Josephine Aulicino Goal,1,1080,18',20288,0,0,2025-11-08 03:18:51,0.0,0.0,0.0,0.0,0.0,0.0,413500.0,Josephine Aulicino,2025-11-08 06:13:50
13724,758577,2,46349409,70,Marisa van der Meer (Wellington Phoenix) Goal at 39',Marisa van der Meer Goal,1,2340,39',21133,0,0,2025-11-08 03:39:56,0.0,0.0,0.0,0.0,0.0,0.0,319212.0,Marisa van der Meer,2025-11-08 06:13:50
13724,758577,3,46349492,76,Emma Main (Wellington Phoenix) Substitution at 45',Emma Main Substitution,2,2700,45',21133,0,0,2025-11-08 04:04:07,0.0,0.0,0.0,0.0,0.0,0.0,298614.0,Emma Main,2025-11-08 06:13:50
13724,758577,3,46349492,76,Emma Main (Wellington Phoenix) Substitution at 45',Emma Main Substitution,2,2700,45',21133,0,0,2025-11-08 04:04:07,0.0,0.0,0.0,0.0,0.0,0.0,219956.0,Tessel Middag,2025-11-08 06:13:50
13724,758577,4,46349520,76,Emma Hawkins (Canberra United ) Substitution at 63',Emma Hawkins Substitution,2,3780,63',20288,0,0,2025-11-08 04:21:19,0.0,0.0,0.0,0.0,0.0,0.0,348587.0,Emma Hawkins,2025-11-08 06:13:50
13724,758577,5,46349521,76,Keira Bobbin (Canberra United ) Substitution at 63',Keira Bobbin Substitution,2,3780,63',20288,0,0,2025-11-08 04:21:26,0.0,0.0,0.0,0.0,0.0,0.0,414131.0,Keira Bobbin,2025-11-08 06:13:50
13724,758577,4,46349520,76,Emma Hawkins (Canberra United ) Substitution at 63',Emma Hawkins Substitution,2,3780,63',20288,0,0,2025-11-08 04:21:19,0.0,0.0,0.0,0.0,0.0,0.0,330659.0,Darcey Malone,2025-11-08 06:13:50
13724,758577,5,46349521,76,Keira Bobbin (Canberra United ) Substitution at 63',Keira Bobbin Substitution,2,3780,63',20288,0,0,2025-11-08 04:21:26,0.0,0.0,0.0,0.0,0.0,0.0,374215.0,Kiara De Domizio,2025-11-08 06:13:50
13724,758577,6,46349523,76,Daisy Brazendale (Wellington Phoenix) Substitution at 64',Daisy Brazendale Substitution,2,3840,64',21133,0,0,2025-11-08 04:23:12,0.0,0.0,0.0,0.0,0.0,0.0,371693.0,Daisy Brazendale,2025-11-08 06:13:50
13724,758577,6,46349523,76,Daisy Brazendale (Wellington Phoenix) Substitution at 64',Daisy Brazendale Substitution,2,3840,64',21133,0,0,2025-11-08 04:23:12,0.0,0.0,0.0,0.0,0.0,0.0,219962.0,C.J. Bott,2025-11-08 06:13:50
13724,758577,7,46349530,76,Manaia Elliott (Wellington Phoenix) Substitution at 65',Manaia Elliott Substitution,2,3900,65',21133,0,0,2025-11-08 04:23:20,0.0,0.0,0.0,0.0,0.0,0.0,351926.0,Manaia Elliott,2025-11-08 06:13:50
13724,758577,7,46349530,76,Manaia Elliott (Wellington Phoenix) Substitution at 65',Manaia Elliott Substitution,2,3900,65',21133,0,0,2025-11-08 04:23:20,0.0,0.0,0.0,0.0,0.0,0.0,331642.0,Alyssa Whinham,2025-11-08 06:13:50
13724,758577,8,46349560,76,Ava Briedis (Canberra United ) Substitution at 73',Ava Briedis Substitution,2,4380,73',20288,0,0,2025-11-08 04:31:44,0.0,0.0,0.0,0.0,0.0,0.0,353051.0,Ava Briedis,2025-11-08 06:13:50
13724,758577,8,46349560,76,Ava Briedis (Canberra United ) Substitution at 73',Ava Briedis Substitution,2,4380,73',20288,0,0,2025-11-08 04:31:44,0.0,0.0,0.0,0.0,0.0,0.0,413500.0,Josephine Aulicino,2025-11-08 06:13:50
13724,758577,9,46349573,94,Bethany Gordon (Canberra United ) Yellow Card at 77',Bethany Gordon Yellow Card,2,4620,77',20288,0,0,2025-11-08 04:36:00,0.0,0.0,0.0,0.0,0.0,0.0,331045.0,Bethany Gordon,2025-11-08 06:13:50
13724,758577,10,46349594,76,Mary Stanic-Floody (Canberra United ) Substitution at 82',Mary Stanic-Floody Substitution,2,4920,82',20288,0,0,2025-11-08 04:41:12,0.0,0.0,0.0,0.0,0.0,0.0,332521.0,Mary Stanic-Floody,2025-11-08 06:13:50
13724,758577,10,46349594,76,Mary Stanic-Floody (Canberra United ) Substitution at 82',Mary Stanic-Floody Substitution,2,4920,82',20288,0,0,2025-11-08 04:41:12,0.0,0.0,0.0,0.0,0.0,0.0,331045.0,Bethany Gordon,2025-11-08 06:13:50
13724,758577,11,46349608,76,Pia Vlok (Wellington Phoenix) Substitution at 85',Pia Vlok Substitution,2,5100,85',21133,0,0,2025-11-08 04:43:48,0.0,0.0,0.0,0.0,0.0,0.0,394027.0,Pia Vlok,2025-11-08 06:13:50
13724,758577,11,46349608,76,Pia Vlok (Wellington Phoenix) Substitution at 85',Pia Vlok Substitution,2,5100,85',21133,0,0,2025-11-08 04:43:48,0.0,0.0,0.0,0.0,0.0,0.0,324784.0,Brooke Nunn,2025-11-08 06:13:50
13724,758578,1,46349758,76,Jodi Ulkekul (Sydney FC ) Substitution at 45',Jodi Ulkekul Substitution,2,2700,45',20285,0,0,2025-11-08 06:03:53,0.0,0.0,0.0,0.0,0.0,0.0,225749.0,Jodi Ulkekul,2025-11-09 15:07:06
13724,758578,1,46349758,76,Jodi Ulkekul (Sydney FC ) Substitution at 45',Jodi Ulkekul Substitution,2,2700,45',20285,0,0,2025-11-08 06:03:53,0.0,0.0,0.0,0.0,0.0,0.0,393499.0,Amber Luchtmeijer,2025-11-09 15:07:06
13724,758578,2,46349778,76,Madeleine Caspers (Sydney FC ) Substitution at 61',Madeleine Caspers Substitution,2,3660,61',20285,0,0,2025-11-08 06:19:56,0.0,0.0,0.0,0.0,0.0,0.0,377839.0,Madeleine Caspers,2025-11-09 15:07:06
13724,758578,3,46349779,76,Caley Tallon-Henniker (Sydney FC ) Substitution at 61',Caley Tallon-Henniker Substituti,2,3660,61',20285,0,0,2025-11-08 06:20:09,0.0,0.0,0.0,0.0,0.0,0.0,380543.0,Caley Tallon-Henniker,2025-11-09 15:07:06
13724,758578,2,46349778,76,Madeleine Caspers (Sydney FC ) Substitution at 61',Madeleine Caspers Substitution,2,3660,61',20285,0,0,2025-11-08 06:19:56,0.0,0.0,0.0,0.0,0.0,0.0,300579.0,Mackenzie Hawkesby,2025-11-09 15:07:06
13724,758578,3,46349779,76,Caley Tallon-Henniker (Sydney FC ) Substitution at 61',Caley Tallon-Henniker Substituti,2,3660,61',20285,0,0,2025-11-08 06:20:09,0.0,0.0,0.0,0.0,0.0,0.0,393508.0,Amelia Cassar,2025-11-09 15:07:06
13724,758578,4,46349781,94,Riley Tanner (Sydney FC ) Yellow Card at 64',Riley Tanner Yellow Card,2,3840,64',20285,0,0,2025-11-08 06:23:43,0.0,0.0,0.0,0.0,0.0,0.0,359687.0,Riley Tanner,2025-11-09 15:07:06
13724,758578,5,46349789,76,Chelsie Dawber (Adelaide United ) Substitution at 70',Chelsie Dawber Substitution,2,4200,70',20286,0,0,2025-11-08 06:29:42,0.0,0.0,0.0,0.0,0.0,0.0,300437.0,Chelsie Dawber,2025-11-09 15:07:06
13724,758578,5,46349789,76,Chelsie Dawber (Adelaide United ) Substitution at 70',Chelsie Dawber Substitution,2,4200,70',20286,0,0,2025-11-08 06:29:42,0.0,0.0,0.0,0.0,0.0,0.0,393359.0,Carina Rossi,2025-11-09 15:07:06
13724,758578,6,46349792,76,Fiona Worts (Adelaide United ) Substitution at 75',Fiona Worts Substitution,2,4500,75',20286,0,0,2025-11-08 06:34:29,0.0,0.0,0.0,0.0,0.0,0.0,312228.0,Fiona Worts,2025-11-09 15:07:06
13724,758578,6,46349792,76,Fiona Worts (Adelaide United ) Substitution at 75',Fiona Worts Substitution,2,4500,75',20286,0,0,2025-11-08 06:34:29,0.0,0.0,0.0,0.0,0.0,0.0,300529.0,Emily Condon,2025-11-09 15:07:06
13724,758578,7,46349797,94,Kirsty Fenton (Sydney FC ) Yellow Card at 82',Kirsty Fenton Yellow Card,2,4920,82',20285,0,0,2025-11-08 06:40:46,0.0,0.0,0.0,0.0,0.0,0.0,330645.0,Kirsty Fenton,2025-11-09 15:07:06
13724,758578,8,46349801,76,Alyssa Rose (Sydney FC ) Substitution at 85',Alyssa Rose Substitution,2,5100,85',20285,0,0,2025-11-08 06:44:09,0.0,0.0,0.0,0.0,0.0,0.0,414127.0,Alyssa Rose,2025-11-09 15:07:06
13724,758578,8,46349801,76,Alyssa Rose (Sydney FC ) Substitution at 85',Alyssa Rose Substitution,2,5100,85',20285,0,0,2025-11-08 06:44:09,0.0,0.0,0.0,0.0,0.0,0.0,359687.0,Riley Tanner,2025-11-09 15:07:06
13724,758578,9,46349804,76,Emily Hodgson (Adelaide United ) Substitution at 88',Emily Hodgson Substitution,2,5280,88',20286,0,0,2025-11-08 06:47:24,0.0,0.0,0.0,0.0,0.0,0.0,300440.0,Emily Hodgson,2025-11-09 15:07:06
13724,758578,9,46349804,76,Emily Hodgson (Adelaide United ) Substitution at 88',Emily Hodgson Substitution,2,5280,88',20286,0,0,2025-11-08 06:47:24,0.0,0.0,0.0,0.0,0.0,0.0,280013.0,Isabel Hodgson,2025-11-09 15:07:06
13724,758579,1,46349535,94,Laura Hughes (Melbourne City) Yellow Card at 25',Laura Hughes Yellow Card,1,1500,25',20280,0,0,2025-11-08 04:24:21,0.0,0.0,0.0,0.0,0.0,0.0,300532.0,Laura Hughes,2025-11-08 06:13:50
13724,758579,2,46349557,70,Holly Mcnamara (Melbourne City) Goal at 32',Holly Mcnamara Goal,1,1920,32',20280,0,0,2025-11-08 04:31:33,0.0,0.0,0.0,0.0,0.0,0.0,330658.0,Holly Mcnamara,2025-11-09 15:07:06
13724,758579,3,46349611,70,Shelby Mcmahon (Melbourne City) Goal at 46',Shelby Mcmahon Goal,1,2700,45'+1',20280,0,0,2025-11-08 04:46:10,0.0,0.0,0.0,0.0,0.0,0.0,380263.0,Shelby Mcmahon,2025-11-08 06:13:50
13724,758579,4,46349706,76,Baxter Thew (Central Coast Mariners) Substitution at 45',Baxter Thew Substitution,2,2700,45',21991,0,0,2025-11-08 05:02:39,0.0,0.0,0.0,0.0,0.0,0.0,413496.0,Baxter Thew,2025-11-08 06:13:50
13724,758579,4,46349706,76,Baxter Thew (Central Coast Mariners) Substitution at 45',Baxter Thew Substitution,2,2700,45',21991,0,0,2025-11-08 05:02:39,0.0,0.0,0.0,0.0,0.0,0.0,300537.0,Taren King,2025-11-08 06:13:50
13724,758579,5,46349707,94,Lorena Baumann (Central Coast Mariners) Yellow Card at 47',Lorena Baumann Yellow Card,2,2820,47',21991,0,0,2025-11-08 05:04:06,0.0,0.0,0.0,0.0,0.0,0.0,309082.0,Lorena Baumann,2025-11-08 06:13:50
13724,758579,6,46349728,98,Holly Mcnamara (Melbourne City) Penalty - Scored at 54',Holly Mcnamara Penalty - Scored,2,3240,54',20280,0,0,2025-11-08 05:11:44,0.0,0.0,0.0,0.0,0.0,0.0,330658.0,Holly Mcnamara,2025-11-09 15:07:06
13724,758579,7,46349732,76,Blake Hughes (Central Coast Mariners) Substitution at 55',Blake Hughes Substitution,2,3300,55',21991,0,0,2025-11-08 05:12:39,0.0,0.0,0.0,0.0,0.0,0.0,397198.0,Blake Hughes,2025-11-09 15:07:06
13724,758579,7,46349732,76,Blake Hughes (Central Coast Mariners) Substitution at 55',Blake Hughes Substitution,2,3300,55',21991,0,0,2025-11-08 05:12:39,0.0,0.0,0.0,0.0,0.0,0.0,414130.0,Kaiya Buchanan,2025-11-09 15:07:06
13724,758579,8,46349745,76,Annalise Rasmussen (Central Coast Mariners) Substitution at 62',Annalise Rasmussen Substitution,2,3720,62',21991,0,0,2025-11-08 05:19:49,0.0,0.0,0.0,0.0,0.0,0.0,368783.0,Annalise Rasmussen,2025-11-09 15:07:06
13724,758579,8,46349745,76,Annalise Rasmussen (Central Coast Mariners) Substitution at 62',Annalise Rasmussen Substitution,2,3720,62',21991,0,0,2025-11-08 05:19:49,0.0,0.0,0.0,0.0,0.0,0.0,368784.0,Tess Quilligan,2025-11-09 15:07:06
13724,758579,9,46349746,76,Tamar Levin (Central Coast Mariners) Substitution at 63',Tamar Levin Substitution,2,3780,63',21991,0,0,2025-11-08 05:19:57,0.0,0.0,0.0,0.0,0.0,0.0,353664.0,Tamar Levin,2025-11-09 15:07:06
13724,758579,9,46349746,76,Tamar Levin (Central Coast Mariners) Substitution at 63',Tamar Levin Substitution,2,3780,63',21991,0,0,2025-11-08 05:19:57,0.0,0.0,0.0,0.0,0.0,0.0,353102.0,Jynaya Dos Santos,2025-11-09 15:07:06
13724,758579,10,46349748,76,Deven Jackson (Melbourne City) Substitution at 66',Deven Jackson Substitution,2,3960,66',20280,0,0,2025-11-08 05:23:40,0.0,0.0,0.0,0.0,0.0,0.0,264398.0,Deven Jackson,2025-11-09 15:07:06
13724,758579,10,46349748,76,Deven Jackson (Melbourne City) Substitution at 66',Deven Jackson Substitution,2,3960,66',20280,0,0,2025-11-08 05:23:40,0.0,0.0,0.0,0.0,0.0,0.0,330658.0,Holly Mcnamara,2025-11-09 15:07:06
13724,758579,11,46349749,76,Danella Butrus (Melbourne City) Substitution at 69',Danella Butrus Substitution,2,4140,69',20280,0,0,2025-11-08 05:26:43,0.0,0.0,0.0,0.0,0.0,0.0,413498.0,Danella Butrus,2025-11-09 15:07:06
13724,758579,11,46349749,76,Danella Butrus (Melbourne City) Substitution at 69',Danella Butrus Substitution,2,4140,69',20280,0,0,2025-11-08 05:26:43,0.0,0.0,0.0,0.0,0.0,0.0,312221.0,Aideen Keane,2025-11-09 15:07:06
13724,758579,12,46349750,70,Shelby Mcmahon (Melbourne City) Goal at 71',Shelby Mcmahon Goal,2,4260,71',20280,0,0,2025-11-08 05:28:08,0.0,0.0,0.0,0.0,0.0,0.0,380263.0,Shelby Mcmahon,2025-11-09 15:07:06
13724,758579,13,46349751,76,Tiana Fuller (Central Coast Mariners) Substitution at 77',Tiana Fuller Substitution,2,4620,77',21991,0,0,2025-11-08 05:34:12,0.0,0.0,0.0,0.0,0.0,0.0,393819.0,Tiana Fuller,2025-11-09 15:07:06
13724,758579,13,46349751,76,Tiana Fuller (Central Coast Mariners) Substitution at 77',Tiana Fuller Substitution,2,4620,77',21991,0,0,2025-11-08 05:34:12,0.0,0.0,0.0,0.0,0.0,0.0,309082.0,Lorena Baumann,2025-11-09 15:07:06
13724,758579,14,46349752,76,Caitlin Karic (Melbourne City) Substitution at 81',Caitlin Karic Substitution,2,4860,81',20280,0,0,2025-11-08 05:37:58,0.0,0.0,0.0,0.0,0.0,0.0,330657.0,Caitlin Karic,2025-11-09 15:07:06
13724,758579,15,46349753,76,Izabella Rako (Melbourne City) Substitution at 81',Izabella Rako Substitution,2,4860,81',20280,0,0,2025-11-08 05:38:08,0.0,0.0,0.0,0.0,0.0,0.0,413502.0,Izabella Rako,2025-11-09 15:07:06
13724,758579,14,46349752,76,Caitlin Karic (Melbourne City) Substitution at 81',Caitlin Karic Substitution,2,4860,81',20280,0,0,2025-11-08 05:37:58,0.0,0.0,0.0,0.0,0.0,0.0,300556.0,Leticia Mckenna,2025-11-09 15:07:06
13724,758579,15,46349753,76,Izabella Rako (Melbourne City) Substitution at 81',Izabella Rako Substitution,2,4860,81',20280,0,0,2025-11-08 05:38:08,0.0,0.0,0.0,0.0,0.0,0.0,380263.0,Shelby Mcmahon,2025-11-09 15:07:06
13724,758580,1,46365484,70,Danika Matos (Western Sydney ) Goal at 13',Danika Matos Goal,1,780,13',20283,0,0,2025-11-09 05:14:38,0.0,0.0,0.0,0.0,0.0,0.0,303076.0,Danika Matos,2025-11-09 15:07:06
13724,758580,2,46365529,70,Kennedy White (Melbourne Victory ) Goal at 41',Kennedy White Goal,1,2460,41',20284,0,0,2025-11-09 05:42:20,0.0,0.0,0.0,0.0,0.0,0.0,292667.0,Kennedy White,2025-11-09 15:07:06
13724,758580,3,46365537,70,Kennedy White (Melbourne Victory ) Goal at 46',Kennedy White Goal,1,2700,45'+1',20284,0,0,2025-11-09 05:47:17,0.0,0.0,0.0,0.0,0.0,0.0,292667.0,Kennedy White,2025-11-09 15:07:06
13724,758580,4,46365541,70,Kennedy White (Melbourne Victory ) Goal at 48',Kennedy White Goal,2,2880,48',20284,0,0,2025-11-09 06:06:27,0.0,0.0,0.0,0.0,0.0,0.0,292667.0,Kennedy White,2025-11-09 15:07:06
13724,758580,5,46365549,76,Talia Younis (Western Sydney ) Substitution at 63',Talia Younis Substitution,2,3780,63',20283,0,0,2025-11-09 06:22:09,0.0,0.0,0.0,0.0,0.0,0.0,374179.0,Talia Younis,2025-11-09 15:07:06
13724,758580,5,46365549,76,Talia Younis (Western Sydney ) Substitution at 63',Talia Younis Substitution,2,3780,63',20283,0,0,2025-11-09 06:22:09,0.0,0.0,0.0,0.0,0.0,0.0,393894.0,Ena Harada,2025-11-09 15:07:06
13724,758580,6,46365550,76,Nikkita Fazzari (Western Sydney ) Substitution at 64',Nikkita Fazzari Substitution,2,3840,64',20283,0,0,2025-11-09 06:22:20,0.0,0.0,0.0,0.0,0.0,0.0,414113.0,Nikkita Fazzari,2025-11-09 15:07:06
13724,758580,7,46365551,76,So-Eun Kim (Western Sydney ) Substitution at 64',So-Eun Kim Substitution,2,3840,64',20283,0,0,2025-11-09 06:22:30,0.0,0.0,0.0,0.0,0.0,0.0,296581.0,So-Eun Kim,2025-11-09 15:07:06
13724,758580,6,46365550,76,Nikkita Fazzari (Western Sydney ) Substitution at 64',Nikkita Fazzari Substitution,2,3840,64',20283,0,0,2025-11-09 06:22:20,0.0,0.0,0.0,0.0,0.0,0.0,292977.0,Olivia Price,2025-11-09 15:07:06
13724,758580,7,46365551,76,So-Eun Kim (Western Sydney ) Substitution at 64',So-Eun Kim Substitution,2,3840,64',20283,0,0,2025-11-09 06:22:30,0.0,0.0,0.0,0.0,0.0,0.0,330644.0,Holly Caspers,2025-11-09 15:07:06
13724,758580,8,46365554,76,Rosie Curtis (Melbourne Victory ) Substitution at 68',Rosie Curtis Substitution,2,4080,68',20284,0,0,2025-11-09 06:26:56,0.0,0.0,0.0,0.0,0.0,0.0,353049.0,Rosie Curtis,2025-11-09 15:07:06
13724,758580,8,46365554,76,Rosie Curtis (Melbourne Victory ) Substitution at 68',Rosie Curtis Substitution,2,4080,68',20284,0,0,2025-11-09 06:26:56,0.0,0.0,0.0,0.0,0.0,0.0,300557.0,Grace Maher,2025-11-09 15:07:06
13724,758580,9,46365560,76,Janae Defazio (Western Sydney ) Substitution at 73',Janae Defazio Substitution,2,4380,73',20283,0,0,2025-11-09 06:32:02,0.0,0.0,0.0,0.0,0.0,0.0,293184.0,Janae Defazio,2025-11-09 15:07:06
13724,758580,9,46365560,76,Janae Defazio (Western Sydney ) Substitution at 73',Janae Defazio Substitution,2,4380,73',20283,0,0,2025-11-09 06:32:02,0.0,0.0,0.0,0.0,0.0,0.0,259618.0,Amy Harrison,2025-11-09 15:07:06
13724,758580,10,46365569,70,Zoe Mcmeeken (Melbourne Victory ) Goal at 83',Zoe Mcmeeken Goal,2,4980,83',20284,0,0,2025-11-09 06:42:09,0.0,0.0,0.0,0.0,0.0,0.0,330653.0,Zoe Mcmeeken,2025-11-09 15:07:06
13724,758580,11,46365570,76,Alvina Khoshaba (Western Sydney ) Substitution at 84',Alvina Khoshaba Substitution,2,5040,84',20283,0,0,2025-11-09 06:42:58,0.0,0.0,0.0,0.0,0.0,0.0,414111.0,Alvina Khoshaba,2025-11-09 15:07:06
13724,758580,12,46365571,76,Sienna Techera (Melbourne Victory ) Substitution at 84',Sienna Techera Substitution,2,5040,84',20284,0,0,2025-11-09 06:43:11,0.0,0.0,0.0,0.0,0.0,0.0,393835.0,Sienna Techera,2025-11-09 15:07:06
13724,758580,11,46365570,76,Alvina Khoshaba (Western Sydney ) Substitution at 84',Alvina Khoshaba Substitution,2,5040,84',20283,0,0,2025-11-09 06:42:58,0.0,0.0,0.0,0.0,0.0,0.0,303076.0,Danika Matos,2025-11-09 15:07:06
13724,758580,12,46365571,76,Sienna Techera (Melbourne Victory ) Substitution at 84',Sienna Techera Substitution,2,5040,84',20284,0,0,2025-11-09 06:43:11,0.0,0.0,0.0,0.0,0.0,0.0,300527.0,Sofia Sakalis,2025-11-09 15:07:06
13724,758580,13,46365579,94,Talia Younis (Western Sydney ) Yellow Card at 89',Talia Younis Yellow Card,2,5340,89',20283,0,0,2025-11-09 06:47:25,0.0,0.0,0.0,0.0,0.0,0.0,374179.0,Talia Younis,2025-11-09 15:07:06
13724,758580,14,46365581,76,Poppy O'Keeffe (Melbourne Victory ) Substitution at 92',Poppy O'Keeffe Substitution,2,5400,90'+2',20284,0,0,2025-11-09 06:50:28,0.0,0.0,0.0,0.0,0.0,0.0,410632.0,Poppy O'Keeffe,2025-11-09 15:07:06
13724,758580,14,46365581,76,Poppy O'Keeffe (Melbourne Victory ) Substitution at 92',Poppy O'Keeffe Substitution,2,5400,90'+2',20284,0,0,2025-11-09 06:50:28,0.0,0.0,0.0,0.0,0.0,0.0,293183.0,Rachel Lowe,2025-11-09 15:07:06
