seasonType,eventId,commentaryOrder,playId,clockDisplayValue,commentaryText,updateDateTime
13776,759361,0,46054105,14',Camryn Lancaster (Dallas Trinity FC) Yellow Card at 14',2025-10-04 05:15:19
13776,759361,1,46054106,40',Sophia Boman (Sporting Jax) Yellow Card at 40',2025-10-04 05:15:19
13776,759361,2,46054107,59',Katie Sullivan (Sporting Jax) Substitution at 59',2025-10-04 05:15:19
13776,759361,3,46054108,59',Jessica Hunt (Sporting Jax) Substitution at 59',2025-10-04 05:15:19
13776,759361,4,46054109,68',Gracie Brian (Dallas Trinity FC) Substitution at 68',2025-10-04 05:15:19
13776,759361,5,46054110,68',Kiley Dulaney (Dallas Trinity FC) Substitution at 68',2025-10-04 05:15:19
13776,759361,6,46054112,68',Caroline Kelly (Dallas Trinity FC) Substitution at 68',2025-10-04 05:15:19
13776,759361,7,46054114,74',Rhea Moore (Dallas Trinity FC) Substitution at 74',2025-10-04 05:15:19
13776,759361,8,46054116,78',Andrea Fernández (Sporting Jax) Substitution at 78',2025-10-04 05:15:19
13776,759361,9,46054118,82',Rhea Moore (Dallas Trinity FC) Goal at 82',2025-10-04 05:15:19
13776,759361,10,46054120,83',Caroline Murray (Sporting Jax) Substitution at 83',2025-10-04 05:15:19
13776,759361,11,46054123,87',Lucy Shepherd (Dallas Trinity FC) Substitution at 87',2025-10-04 05:15:19
13776,759362,0,46054242,40',Mia Corbin (Carolina Ascent FC) Goal at 40',2025-10-04 05:15:19
13776,759362,1,46054243,45',Jordan Zade (Tampa Bay Sun FC) Substitution at 45',2025-10-04 05:15:19
13776,759362,2,46054244,45',Emma Gaines-Ramos (Tampa Bay Sun FC) Substitution at 45',2025-10-04 05:15:19
13776,759362,3,46054245,66',Rylee Baisden (Carolina Ascent FC) Substitution at 66',2025-10-04 05:15:19
13776,759362,4,46054247,67',Chloe Hylton (Carolina Ascent FC) Substitution at 67',2025-10-04 05:15:19
13776,759362,5,46054250,67',Jillian Shimkin (Tampa Bay Sun FC) Substitution at 67',2025-10-04 05:15:19
13776,759362,6,46054252,67',Mckenna Battilla (Tampa Bay Sun FC) Substitution at 67',2025-10-04 05:15:19
13776,759362,7,46054254,68',Audrey Harding (Carolina Ascent FC) Substitution at 68',2025-10-04 05:15:19
13776,759362,8,46054257,70',Siena Bryan (Tampa Bay Sun FC) Substitution at 70',2025-10-04 05:15:19
13776,759362,9,46054259,74',Sydny Nasello (Tampa Bay Sun FC) Goal at 74',2025-10-04 05:15:19
13776,759362,10,46054260,81',Gabby Provenzano (Tampa Bay Sun FC) Goal at 81',2025-10-04 05:15:19
13776,759362,11,46054262,82',Luana Karoline Grabias (Carolina Ascent FC) Substitution at 82',2025-10-04 05:15:19
13776,759362,12,46054264,86',Sydney Studer (Carolina Ascent FC) Substitution at 86',2025-10-04 05:15:19
13776,759362,13,46054266,90'+2',Maddie Mercado (Carolina Ascent FC) Goal at 92',2025-10-04 05:15:19
13776,759363,0,46054022,3',Taylor Smith (Fort Lauderdale United FC) Yellow Card at 3',2025-10-04 05:15:19
13776,759363,1,46054024,18',Stella Nyamekye (Fort Lauderdale United FC) Yellow Card at 18',2025-10-04 05:15:19
13776,759363,2,46054025,44',Sarah Clark (Spokane Zephyr FC) Yellow Card at 44',2025-10-04 05:15:19
13776,759363,3,46054027,62',Ella Simpson (Fort Lauderdale United FC) Goal at 62',2025-10-04 05:15:19
13776,759363,4,46054030,64',Aryssa Mahrt (Spokane Zephyr FC) Substitution at 64',2025-10-04 05:15:19
13776,759363,5,46054032,64',Tori Waldeck (Spokane Zephyr FC) Substitution at 64',2025-10-04 05:15:19
13776,759363,6,46054035,64',Felicia Knox (Spokane Zephyr FC) Substitution at 64',2025-10-04 05:15:19
13776,759363,7,46054037,69',Darya Rajaee (Fort Lauderdale United FC) Substitution at 69',2025-10-04 05:15:19
13776,759363,8,46054039,76',Madelyn Desiano (Spokane Zephyr FC) Substitution at 76',2025-10-04 05:15:19
13776,759363,9,46054041,77',Kelsey Oyler (Spokane Zephyr FC) Substitution at 77',2025-10-04 05:15:19
13776,759363,10,46054042,80',Sheyenne Allen (Fort Lauderdale United FC) Substitution at 80',2025-10-04 05:15:19
13776,759363,11,46054043,81',Allie George (Fort Lauderdale United FC) Substitution at 81',2025-10-04 05:15:19
13776,759363,12,46054044,89',Lilly Mccarthy (Fort Lauderdale United FC) Substitution at 89',2025-10-04 05:15:19
13776,759363,13,46054045,90'+4',Taylor Smith (Fort Lauderdale United FC) Red Card at 94',2025-10-04 05:15:19
13776,759363,14,46054046,90'+7',Laurel Ansbrow (Fort Lauderdale United FC) Yellow Card at 97',2025-10-04 05:15:19
13776,759364,0,46054267,9',Hope Breslin (Brooklyn FC) Yellow Card at 9',2025-10-04 05:15:19
13776,759364,1,46054268,35',Catherine Barry (Lexington SC) Goal at 35',2025-10-04 05:15:19
13776,759364,2,46054269,39',Catherine Barry (Lexington SC) Goal at 39',2025-10-04 05:15:19
13776,759364,3,46054270,45',Jessica Garziano (Brooklyn FC) Substitution at 45',2025-10-04 05:15:19
13776,759364,4,46054271,45',Jordan Thompson (Brooklyn FC) Substitution at 45',2025-10-04 05:15:19
13776,759364,5,46054272,66',Mylena (Brooklyn FC) Yellow Card at 66',2025-10-04 05:15:19
13776,759364,6,46054273,68',Hannah White (Lexington SC) Substitution at 68',2025-10-04 05:15:19
13776,759364,7,46054274,70',Ana Maria Markovic (Brooklyn FC) Substitution at 70',2025-10-04 05:15:19
13776,759364,8,46054275,72',Ana Maria Markovic (Brooklyn FC) Yellow Card at 72',2025-10-04 05:15:19
13776,759364,9,46054276,75',Shea Moyer (Lexington SC) Substitution at 75',2025-10-04 05:15:19
13776,759364,10,46054279,75',Madison Perez (Lexington SC) Substitution at 75',2025-10-04 05:15:19
13776,759364,11,46054280,80',Shea Moyer (Lexington SC) Yellow Card at 80',2025-10-04 05:15:19
13776,759364,12,46054282,84',Hannah Johnson (Lexington SC) Yellow Card at 84',2025-10-04 05:15:19
13776,759364,13,46054284,87',Hannah Johnson (Lexington SC) Red Card at 87',2025-10-04 05:15:19
13776,759364,14,46054285,88',Na Yeong Shin (Brooklyn FC) Substitution at 88',2025-10-04 05:15:19
13776,759364,15,46054287,90'+1',Justina Gaynor (Lexington SC) Substitution at 91',2025-10-04 05:15:19
13776,759365,0,46054214,19',Taylor Aylmer (Lexington SC) Yellow Card at 19',2025-10-04 05:15:19
13776,759365,1,46054215,26',Ellie Gilbert (DC Power FC) Yellow Card at 26',2025-10-04 05:15:19
13776,759365,2,46054216,28',Madison Perez (Lexington SC) Yellow Card at 28',2025-10-04 05:15:19
13776,759365,3,46054217,62',Katrina Guillou (DC Power FC) Substitution at 62',2025-10-04 05:15:19
13776,759365,4,46054218,65',Shea Moyer (Lexington SC) Substitution at 65',2025-10-04 05:15:19
13776,759365,5,46054219,65',Hannah White (Lexington SC) Substitution at 65',2025-10-04 05:15:19
13776,759365,6,46054220,72',Loza Abera (DC Power FC) Substitution at 72',2025-10-04 05:15:19
13776,759365,7,46054221,75',Justina Gaynor (Lexington SC) Substitution at 75',2025-10-04 05:15:19
13776,759365,8,46054222,76',Madison Murnin (DC Power FC) Substitution at 76',2025-10-04 05:15:19
13776,759365,9,46054223,76',Margie Detrizio (DC Power FC) Substitution at 76',2025-10-04 05:15:19
13776,759365,10,46054224,76',Carleigh Frilles (DC Power FC) Substitution at 76',2025-10-04 05:15:19
13776,759366,0,46054184,9',Lily Nabet (Fort Lauderdale United FC) Yellow Card at 9',2025-10-04 05:15:19
13776,759366,1,46054186,16',Kelli Van Treeck (Fort Lauderdale United FC) Goal at 16',2025-10-04 05:15:19
13776,759366,2,46054188,40',Hannah Davison (Dallas Trinity FC) Own Goal at 40',2025-10-04 05:15:19
13776,759366,3,46054190,58',Kathrynn González (Fort Lauderdale United FC) Substitution at 58',2025-10-04 05:15:19
13776,759366,4,46054192,59',Kelli Van Treeck (Fort Lauderdale United FC) Goal at 59',2025-10-04 05:15:19
13776,759366,5,46054194,67',Sealey Strawn (Dallas Trinity FC) Substitution at 67',2025-10-04 05:15:19
13776,759366,6,46054196,68',Caroline Kelly (Dallas Trinity FC) Substitution at 68',2025-10-04 05:15:19
13776,759366,7,46054198,68',Gracie Brian (Dallas Trinity FC) Substitution at 68',2025-10-04 05:15:19
13776,759366,8,46054200,68',Kiley Dulaney (Dallas Trinity FC) Substitution at 68',2025-10-04 05:15:19
13776,759366,9,46054202,72',Lilly Mccarthy (Fort Lauderdale United FC) Substitution at 72',2025-10-04 05:15:19
13776,759366,10,46054204,73',Amber Brooks (Dallas Trinity FC) Goal at 73',2025-10-04 05:15:19
13776,759366,11,46054206,81',Kiara Locklear (Fort Lauderdale United FC) Goal at 81',2025-10-04 05:15:19
13776,759366,12,46054208,83',Sheyenne Allen (Fort Lauderdale United FC) Substitution at 83',2025-10-04 05:15:19
13776,759366,13,46054209,83',Carlyn Baldwin (Fort Lauderdale United FC) Substitution at 83',2025-10-04 05:15:19
13776,759366,14,46054210,89',Allie George (Fort Lauderdale United FC) Substitution at 89',2025-10-04 05:15:19
13776,759366,15,46054211,90',Hannah Davison (Dallas Trinity FC) Yellow Card at 90',2025-10-04 05:15:19
13776,759366,16,46054212,90'+2',Lucy Shepherd (Dallas Trinity FC) Substitution at 92',2025-10-04 05:15:19
13776,759366,17,46054213,90'+2',Caroline Swann (Dallas Trinity FC) Substitution at 92',2025-10-04 05:15:19
13776,759367,0,46054079,11',Ashlyn Puerta (Sporting Jax) Goal at 11',2025-10-04 05:15:19
13776,759367,1,46054080,27',Meg Hughes (Sporting Jax) Yellow Card at 27',2025-10-04 05:15:19
13776,759367,2,46054081,39',Madison Kemp (Sporting Jax) Goal at 39',2025-10-04 05:15:19
13776,759367,3,46054082,43',Maddie Mercado (Carolina Ascent FC) Goal at 43',2025-10-04 05:15:19
13776,759367,4,46054083,45',Riley Parker (Carolina Ascent FC) Substitution at 45',2025-10-04 05:15:19
13776,759367,5,46054084,45',Jessica Hunt (Sporting Jax) Substitution at 45',2025-10-04 05:15:19
13776,759367,6,46054085,66',Mackenzie George (Carolina Ascent FC) Substitution at 66',2025-10-04 05:15:19
13776,759367,7,46054086,66',Emily Morris (Carolina Ascent FC) Substitution at 66',2025-10-04 05:15:19
13776,759367,8,46054087,67',Sydney Schmidt (Sporting Jax) Substitution at 67',2025-10-04 05:15:19
13776,759367,9,46054088,73',Alyssa Walker (Carolina Ascent FC) Substitution at 73',2025-10-04 05:15:19
13776,759367,10,46054089,73',Luana Karoline Grabias (Carolina Ascent FC) Substitution at 73',2025-10-04 05:15:19
13776,759367,11,46054090,74',Alyssa Walker (Carolina Ascent FC) Goal at 74',2025-10-04 05:15:19
13776,759367,12,46054091,89',Emily Morris (Carolina Ascent FC) Yellow Card at 89',2025-10-04 05:15:19
13776,759368,0,46054111,24',Lena Silano (Spokane Zephyr FC) Goal at 24',2025-10-04 05:15:19
13776,759368,1,46054113,45'+1',Ally Cook (Spokane Zephyr FC) Goal at 46',2025-10-04 05:15:19
13776,759368,2,46054115,45',Jillian Shimkin (Tampa Bay Sun FC) Substitution at 45',2025-10-04 05:15:19
13776,759368,3,46054117,45',Siena Bryan (Tampa Bay Sun FC) Substitution at 45',2025-10-04 05:15:19
13776,759368,4,46054119,45',Mckenna Battilla (Tampa Bay Sun FC) Substitution at 45',2025-10-04 05:15:19
13776,759368,5,46054121,48',Jillian Shimkin (Tampa Bay Sun FC) Red Card at 48',2025-10-04 05:15:19
13776,759368,6,46054122,52',Siena Bryan (Tampa Bay Sun FC) Yellow Card at 52',2025-10-04 05:15:19
13776,759368,7,46054124,68',Sandrine Mauron (Tampa Bay Sun FC) Substitution at 68',2025-10-04 05:15:19
13776,759368,8,46054125,71',Lena Silano (Spokane Zephyr FC) Yellow Card at 71',2025-10-04 05:15:19
13776,759368,9,46054126,71',Haley Thomas (Spokane Zephyr FC) Substitution at 71',2025-10-04 05:15:19
13776,759368,10,46054127,72',Maggie Johnston (Spokane Zephyr FC) Substitution at 72',2025-10-04 05:15:19
13776,759368,11,46054128,72',Aryssa Mahrt (Spokane Zephyr FC) Substitution at 72',2025-10-04 05:15:19
13776,759368,12,46054129,78',Natasha Flint (Tampa Bay Sun FC) Substitution at 78',2025-10-04 05:15:19
13776,759368,13,46054130,85',Tori Waldeck (Spokane Zephyr FC) Substitution at 85',2025-10-04 05:15:19
13776,759368,14,46054131,90'+1',Sydny Nasello (Tampa Bay Sun FC) Yellow Card at 91',2025-10-04 05:15:19
13776,759368,15,46054132,90'+2',Olivia Van der Jagt (Spokane Zephyr FC) Substitution at 92',2025-10-04 05:15:19
13776,759369,0,46054047,19',Loza Abera (DC Power FC) Goal at 19',2025-10-05 05:22:57
13776,759369,1,46054048,23',Mylena (Brooklyn FC) Yellow Card at 23',2025-10-05 05:22:57
13776,759369,2,46054049,33',Gianna Gourley (DC Power FC) Goal at 33',2025-10-05 05:22:57
13776,759369,3,46054050,45',Rebecca Cooke (Brooklyn FC) Substitution at 45',2025-10-05 05:22:57
13776,759369,4,46054051,45',Hope Breslin (Brooklyn FC) Substitution at 45',2025-10-05 05:22:57
13776,759369,5,46054052,52',Jaydah Bedoya (DC Power FC) Yellow Card at 52',2025-10-05 05:22:57
13776,759369,6,46054053,58',Kelsey Hill (Brooklyn FC) Goal at 58',2025-10-05 05:22:57
13776,759369,7,46054054,61',Carleigh Frilles (DC Power FC) Substitution at 61',2025-10-05 05:22:57
13776,759369,8,46054055,67',Valentina Perrotta (DC Power FC) Substitution at 67',2025-10-05 05:22:57
13776,759369,9,46054057,68',Emily Pringle (Brooklyn FC) Substitution at 68',2025-10-05 05:22:57
13776,759369,10,46054060,76',Ana Maria Markovic (Brooklyn FC) Substitution at 76',2025-10-05 05:22:57
13776,759369,11,46054062,80',Rebecca Cooke (Brooklyn FC) Goal at 80',2025-10-05 05:22:57
13776,759369,12,46054065,83',Margie Detrizio (DC Power FC) Substitution at 83',2025-10-05 05:22:57
13776,759369,13,46054067,83',Madison Murnin (DC Power FC) Substitution at 83',2025-10-05 05:22:57
13776,759369,14,46054070,83',Katrina Guillou (DC Power FC) Substitution at 83',2025-10-05 05:22:57
13776,759369,15,46054072,88',Sam Rosette (Brooklyn FC) Substitution at 88',2025-10-05 05:22:57
13776,759370,0,46054246,12',Emina Ekic (Lexington SC) Yellow Card at 12',2025-10-04 05:15:19
13776,759370,1,46054248,17',Ally Cook (Spokane Zephyr FC) Yellow Card at 17',2025-10-04 05:15:19
13776,759370,2,46054249,32',Felicia Knox (Spokane Zephyr FC) Yellow Card at 32',2025-10-04 05:15:19
13776,759370,3,46054251,45',Tori Waldeck (Spokane Zephyr FC) Substitution at 45',2025-10-04 05:15:19
13776,759370,4,46054253,45',Aryssa Mahrt (Spokane Zephyr FC) Substitution at 45',2025-10-04 05:15:19
13776,759370,5,46054255,45',Haley Thomas (Spokane Zephyr FC) Substitution at 45',2025-10-04 05:15:19
13776,759370,6,46054256,62',Shea Collins (Spokane Zephyr FC) Substitution at 62',2025-10-04 05:15:19
13776,759370,7,46054258,76',Madelyn Desiano (Spokane Zephyr FC) Substitution at 76',2025-10-04 05:15:19
13776,759370,8,46054261,78',Hannah White (Lexington SC) Substitution at 78',2025-10-04 05:15:19
13776,759370,9,46054263,83',Shea Moyer (Lexington SC) Substitution at 83',2025-10-04 05:15:19
13776,759370,10,46054265,89',Hannah Richardson (Lexington SC) Substitution at 89',2025-10-04 05:15:19
13776,759371,0,46054277,6',Allie Thornton (Dallas Trinity FC) Goal at 6',2025-10-04 05:15:19
13776,759371,1,46054278,43',Sealey Strawn (Dallas Trinity FC) Yellow Card at 43',2025-10-04 05:15:19
13776,759371,2,46054281,50',Brooke Hendrix (Tampa Bay Sun FC) Yellow Card at 50',2025-10-04 05:15:19
13776,759371,3,46054283,64',Camryn Lancaster (Dallas Trinity FC) Substitution at 64',2025-10-04 05:15:19
13776,759371,4,46054286,64',Caroline Kelly (Dallas Trinity FC) Substitution at 64',2025-10-04 05:15:19
13776,759371,5,46054288,65',Emma Gaines-Ramos (Tampa Bay Sun FC) Substitution at 65',2025-10-04 05:15:19
13776,759371,6,46054289,68',Carlee Giammona (Tampa Bay Sun FC) Goal at 68',2025-10-04 05:15:19
13776,759371,7,46054290,72',Jordyn Listro (Tampa Bay Sun FC) Yellow Card at 72',2025-10-04 05:15:19
13776,759371,8,46054291,76',Rhea Moore (Dallas Trinity FC) Substitution at 76',2025-10-04 05:15:19
13776,759371,9,46054292,76',Kiley Dulaney (Dallas Trinity FC) Substitution at 76',2025-10-04 05:15:19
13776,759371,10,46054293,85',Mckenna Battilla (Tampa Bay Sun FC) Yellow Card at 85',2025-10-04 05:15:19
13776,759371,11,46054294,86',Tamara Bolt (Dallas Trinity FC) Substitution at 86',2025-10-04 05:15:19
13776,759371,12,46054295,90'+5',Hannah Keane (Tampa Bay Sun FC) Substitution at 95',2025-10-04 05:15:19
13776,759372,0,46029352,22',Maddie Mercado (Carolina Ascent FC) Penalty - Missed at 22',2025-10-01 05:14:09
13776,759372,1,46029353,33',Mia Corbin (Carolina Ascent FC) Yellow Card at 33',2025-10-01 05:14:09
13776,759372,2,46029354,35',Tori Waldeck (Spokane Zephyr FC) Goal at 35',2025-10-01 05:14:09
13776,759372,3,46029355,45',Audrey Harding (Carolina Ascent FC) Substitution at 45',2025-10-01 05:14:09
13776,759372,4,46029356,53',Sydney Studer (Carolina Ascent FC) Yellow Card at 53',2025-10-01 05:14:09
13776,759372,5,46029357,61',Shea Collins (Spokane Zephyr FC) Substitution at 61',2025-10-01 05:14:09
13776,759372,6,46029358,61',Emma Jaskaniec (Spokane Zephyr FC) Substitution at 61',2025-10-01 05:14:09
13776,759372,7,46029359,66',Alyssa Walker (Carolina Ascent FC) Substitution at 66',2025-10-01 05:14:09
13776,759372,8,46029360,66',Stella Spitzer (Carolina Ascent FC) Substitution at 66',2025-10-01 05:14:09
13776,759372,9,46029361,69',Ally Cook (Spokane Zephyr FC) Substitution at 69',2025-10-01 05:14:09
13776,759372,10,46029362,72',Rylee Baisden (Carolina Ascent FC) Substitution at 72',2025-10-01 05:14:09
13776,759372,11,46029363,73',Luana Karoline Grabias (Carolina Ascent FC) Substitution at 73',2025-10-01 05:14:09
13776,759372,12,46029364,79',Meaghan Nally (Carolina Ascent FC) Yellow Card at 79',2025-10-01 05:14:09
13776,759372,13,46029365,85',Kelsey Oyler (Spokane Zephyr FC) Yellow Card at 85',2025-10-01 05:14:09
13776,759372,14,46029366,85',Charley Boone (Spokane Zephyr FC) Substitution at 85',2025-10-01 05:14:09
13776,759372,15,46029367,85',Madelyn Desiano (Spokane Zephyr FC) Substitution at 85',2025-10-01 05:14:09
13776,759372,16,46029368,90'+2',Jenna Butler (Carolina Ascent FC) Red Card at 92',2025-10-01 05:14:09
13776,759373,0,46029400,9',Catherine Barry (Lexington SC) Goal at 9',2025-10-01 05:14:09
13776,759373,1,46029401,21',Addie McCain (Lexington SC) Goal at 21',2025-10-01 05:14:09
13776,759373,2,46029402,24',Sealey Strawn (Dallas Trinity FC) Goal at 24',2025-10-01 05:14:09
13776,759373,3,46029403,27',Catherine Barry (Lexington SC) Goal at 27',2025-10-01 05:14:09
13776,759373,4,46029404,45'+1',Taylor Aylmer (Lexington SC) Yellow Card at 46',2025-10-01 05:14:09
13776,759373,5,46029405,45'+3',Hannah Johnson (Lexington SC) Yellow Card at 48',2025-10-01 05:14:09
13776,759373,6,46029406,48',Samar Guidry (Dallas Trinity FC) Yellow Card at 48',2025-10-01 05:14:09
13776,759373,7,46029407,56',Caroline Kelly (Dallas Trinity FC) Substitution at 56',2025-10-01 05:14:09
13776,759373,8,46029408,56',Camryn Lancaster (Dallas Trinity FC) Substitution at 56',2025-10-01 05:14:09
13776,759373,9,46029409,56',Rhea Moore (Dallas Trinity FC) Substitution at 56',2025-10-01 05:14:09
13776,759373,10,46029410,56',Tamara Bolt (Dallas Trinity FC) Substitution at 56',2025-10-01 05:14:09
13776,759373,11,46029411,58',Samar Guidry (Dallas Trinity FC) Red Card at 58',2025-10-01 05:14:09
13776,759373,12,46029412,68',Madison Perez (Lexington SC) Substitution at 68',2025-10-01 05:14:09
13776,759373,13,46029413,68',Hannah White (Lexington SC) Substitution at 68',2025-10-01 05:14:09
13776,759373,14,46029414,71',Emina Ekic (Lexington SC) Goal at 71',2025-10-01 05:14:09
13776,759373,15,46029415,77',Addie McCain (Lexington SC) Goal at 77',2025-10-01 05:14:09
13776,759373,16,46029416,79',Shea Moyer (Lexington SC) Substitution at 79',2025-10-01 05:14:09
13776,759373,17,46029417,79',Kiley Dulaney (Dallas Trinity FC) Substitution at 79',2025-10-01 05:14:09
13776,759373,18,46029418,79',Justina Gaynor (Lexington SC) Substitution at 79',2025-10-01 05:14:09
13776,759373,19,46029419,81',Hannah Richardson (Lexington SC) Substitution at 81',2025-10-01 05:14:09
13776,759373,20,46029420,88',Shea Moyer (Lexington SC) Yellow Card at 88',2025-10-01 05:14:09
13776,759373,21,46029421,90'+1',Shea Moyer (Lexington SC) Goal at 91',2025-10-01 05:14:09
13776,759373,22,46029422,90'+2',Tatiana Fung (Lexington SC) Yellow Card at 92',2025-10-01 05:14:09
13776,759374,0,46034446,10',Ashlyn Puerta (Sporting Jax) Goal at 10',2025-10-01 05:14:09
13776,759374,1,46034447,14',Brianna Martinez (Carolina Ascent FC) Yellow Card at 14',2025-10-01 05:14:09
13776,759374,2,46034448,23',Ashlyn Puerta (Sporting Jax) Goal at 23',2025-10-01 05:14:09
13776,759374,3,46034449,31',Ashlyn Puerta (Sporting Jax) Goal at 31',2025-10-01 05:14:09
13776,759374,4,46034450,36',Sydney Schmidt (Sporting Jax) Yellow Card at 36',2025-10-01 05:14:09
13776,759374,5,46034451,38',Rylee Baisden (Carolina Ascent FC) Goal at 38',2025-10-01 05:14:09
13776,759374,6,46034452,45',Taylor Porter (Carolina Ascent FC) Yellow Card at 45',2025-10-01 05:14:09
13776,759374,7,46034453,45',Mackenzie George (Carolina Ascent FC) Substitution at 45',2025-10-01 05:14:09
13776,759374,8,46034454,47',Mackenzie George (Carolina Ascent FC) Goal at 47',2025-10-01 05:14:09
13776,759374,9,46034455,50',Paige Kenton (Sporting Jax) Goal at 50',2025-10-01 05:14:09
13776,759374,10,46034456,51',Madison Kemp (Sporting Jax) Substitution at 51',2025-10-01 05:14:09
13776,759374,11,46034457,57',Jade Pennock (Sporting Jax) Yellow Card at 57',2025-10-01 05:14:09
13776,759374,12,46034458,64',Meaghan Nally (Carolina Ascent FC) Yellow Card at 64',2025-10-01 05:14:09
13776,759374,13,46034459,66',Mackenzie George (Carolina Ascent FC) Goal at 66',2025-10-01 05:14:09
13776,759374,14,46034460,68',Baylee Desmit (Sporting Jax) Substitution at 68',2025-10-01 05:14:09
13776,759374,15,46034461,72',Emily Moxley (Carolina Ascent FC) Substitution at 72',2025-10-01 05:14:09
13776,759374,16,46034462,82',Riley Parker (Carolina Ascent FC) Substitution at 82',2025-10-01 05:14:09
13776,759374,17,46034463,86',Jessica Hunt (Sporting Jax) Substitution at 86',2025-10-01 05:14:09
13776,759374,18,46034464,90',Katie Sullivan (Sporting Jax) Substitution at 90',2025-10-01 05:14:09
13776,759375,0,46035064,8',Alice Barbieri (Brooklyn FC) Yellow Card at 8',2025-10-01 05:14:09
13776,759375,1,46035065,9',Stella Nyamekye (Fort Lauderdale United FC) Goal at 9',2025-10-01 05:14:09
13776,759375,2,46035066,33',Emma Loving (Brooklyn FC) Yellow Card at 33',2025-10-01 05:14:09
13776,759375,3,46035067,43',Kelsey Hill (Brooklyn FC) Yellow Card at 43',2025-10-01 05:14:09
13776,759375,4,46035068,45'+1',Kiara Locklear (Fort Lauderdale United FC) Goal at 46',2025-10-01 05:14:09
13776,759375,5,46035069,63',Leah Scarpelli (Brooklyn FC) Substitution at 63',2025-10-01 05:14:09
13776,759375,6,46035070,63',Emily Pringle (Brooklyn FC) Substitution at 63',2025-10-01 05:14:09
13776,759375,7,46035071,68',Princess Ademiluyi (Fort Lauderdale United FC) Substitution at 68',2025-10-01 05:14:09
13776,759375,8,46035072,68',Darya Rajaee (Fort Lauderdale United FC) Substitution at 68',2025-10-01 05:14:09
13776,759375,9,46035073,72',Ana Maria Markovic (Brooklyn FC) Substitution at 72',2025-10-01 05:14:09
13776,759375,10,46035074,79',Sam Rosette (Brooklyn FC) Substitution at 79',2025-10-01 05:14:09
13776,759375,11,46035075,79',Antoinette Williams (Brooklyn FC) Substitution at 79',2025-10-01 05:14:09
13776,759375,12,46035076,87',Hope Breslin (Brooklyn FC) Goal at 87',2025-10-01 05:14:09
13776,759375,13,46035077,90'+2',Kathrynn González (Fort Lauderdale United FC) Substitution at 92',2025-10-01 05:14:09
13776,759376,0,46073944,16',Sophia Boman (Sporting Jax) Goal at 16',2025-10-05 05:22:57
13776,759376,1,46073957,18',Hope Breslin (Brooklyn FC) Yellow Card at 18',2025-10-05 05:22:57
13776,759376,2,46074212,39',Caroline Murray (Sporting Jax) Yellow Card at 39',2025-10-05 05:22:57
13776,759376,3,46074334,45'+3',Rebecca Cooke (Brooklyn FC) Yellow Card at 48',2025-10-05 05:22:57
13776,759376,4,46074601,45',Emily Pringle (Brooklyn FC) Substitution at 45',2025-10-05 05:22:57
13776,759376,5,46074852,60',Baylee Desmit (Sporting Jax) Substitution at 60',2025-10-05 05:22:57
13776,759376,6,46074853,60',Antoinette Williams (Brooklyn FC) Substitution at 60',2025-10-05 05:22:57
13776,759376,7,46074973,66',Leah Scarpelli (Brooklyn FC) Goal at 66',2025-10-05 05:22:57
13776,759376,8,46075167,76',Paige Kenton (Sporting Jax) Goal at 76',2025-10-08 05:26:07
13776,759376,9,46075197,76',Sam Rosette (Brooklyn FC) Substitution at 76',2025-10-08 05:26:07
13776,759376,10,46075273,81',Jessica Hunt (Sporting Jax) Substitution at 81',2025-10-08 05:26:07
13776,759376,11,46075384,86',Sam Rosette (Brooklyn FC) Goal at 86',2025-10-08 05:26:07
13776,759376,12,46075449,90',Rebecca Cooke (Brooklyn FC) Goal at 90',2025-10-08 05:26:07
13776,759376,13,46075474,90'+2',Kristina Markovic (Brooklyn FC) Substitution at 92',2025-10-08 05:26:07
13776,759376,14,46075512,90'+3',Kelsey Daugherty (Brooklyn FC) Yellow Card at 93',2025-10-08 05:26:07
13776,759376,15,46075560,90'+3',Meg Hughes (Sporting Jax) Yellow Card at 93',2025-10-08 05:26:07
13776,759376,16,46075527,90'+5',Baylee Desmit (Sporting Jax) Goal at 95',2025-10-08 05:26:07
13776,759377,0,46074786,14',Mackenzie George (Carolina Ascent FC) Goal at 14',2025-10-05 05:22:57
13776,759377,1,46074807,16',Maddie Mercado (Carolina Ascent FC) Goal at 16',2025-10-05 05:22:57
13776,759377,2,46075231,35',Sydney Studer (Carolina Ascent FC) Own Goal at 35',2025-10-05 05:22:57
13776,759377,3,46075376,43',Jillienne Aguilera (Carolina Ascent FC) Yellow Card at 43',2025-10-05 05:22:57
13776,759377,4,46075780,45',Loza Abera (DC Power FC) Substitution at 45',2025-10-05 05:22:57
13776,759377,5,46075781,45',Madison Murnin (DC Power FC) Substitution at 45',2025-10-05 05:22:57
13776,759377,6,46075845,49',Madison Murnin (DC Power FC) Goal at 49',2025-10-05 05:22:57
13776,759377,7,46076013,59',Brianna Martinez (Carolina Ascent FC) Substitution at 59',2025-10-05 05:22:57
13776,759377,8,46076027,59',Riley Parker (Carolina Ascent FC) Substitution at 59',2025-10-05 05:22:57
13776,759377,9,46076310,75',Alyssa Walker (Carolina Ascent FC) Substitution at 75',2025-10-05 05:22:57
13776,759377,10,46076565,84',Alyssa Walker (Carolina Ascent FC) Goal at 84',2025-10-05 05:22:57
13776,759377,11,46076589,84',Morgan Aquino (DC Power FC) Yellow Card at 84',2025-10-05 05:22:57
13776,759377,12,46076673,88',Charlie Estcourt (DC Power FC) Substitution at 88',2025-10-05 05:22:57
13776,759377,13,46076696,88',Margie Detrizio (DC Power FC) Substitution at 88',2025-10-05 05:22:57
13776,759377,14,46076697,88',Margie Detrizio (DC Power FC) Yellow Card at 88',2025-10-05 05:22:57
13776,759377,15,46076829,90'+1',Chloe Hylton (Carolina Ascent FC) Substitution at 91',2025-10-05 05:22:57
13776,759377,16,46076830,90'+1',Emily Morris (Carolina Ascent FC) Substitution at 91',2025-10-05 05:22:57
13776,759377,17,46076997,90'+7',Katie Duong (DC Power FC) Substitution at 97',2025-10-05 05:22:57
13776,759378,0,46075328,12',Kiara Locklear (Fort Lauderdale United FC) Yellow Card at 12',2025-10-05 05:22:57
13776,759378,1,46076488,52',Sh'Nia Gordan (Fort Lauderdale United FC) Yellow Card at 52',2025-10-05 05:22:57
13776,759378,2,46076679,58',Natasha Flint (Tampa Bay Sun FC) Yellow Card at 58',2025-10-05 05:22:57
13776,759378,3,46076721,60',Kathrynn González (Fort Lauderdale United FC) Substitution at 60',2025-10-05 05:22:57
13776,759378,4,46076801,60',Kelli Van Treeck (Fort Lauderdale United FC) Substitution at 60',2025-10-12 02:06:50
13776,759378,5,46076943,66',Jordan Zade (Tampa Bay Sun FC) Substitution at 66',2025-10-05 05:22:57
13776,759378,6,46076944,66',Gabby Provenzano (Tampa Bay Sun FC) Substitution at 66',2025-10-05 05:22:57
13776,759378,7,46077009,68',Gabby Provenzano (Tampa Bay Sun FC) Yellow Card at 68',2025-10-05 05:22:57
13776,759378,8,46077124,73',Mckenna Battilla (Tampa Bay Sun FC) Substitution at 73',2025-10-05 05:22:57
13776,759378,9,46077161,73',Sandrine Mauron (Tampa Bay Sun FC) Substitution at 73',2025-10-05 05:22:57
13776,759378,10,46077559,86',Kate Colvin (Fort Lauderdale United FC) Substitution at 86',2025-10-05 05:22:57
13776,759378,11,46077644,89',Sandrine Mauron (Tampa Bay Sun FC) Yellow Card at 89',2025-10-05 05:22:57
13776,759379,0,46077445,11',Catherine Barry (Lexington SC) Yellow Card at 11',2025-10-05 05:22:57
13776,759379,1,46077896,29',Alyssa Bourgeois (Lexington SC) Yellow Card at 29',2025-10-05 05:22:57
13776,759379,2,46078530,55',Emina Ekic (Lexington SC) Yellow Card at 55',2025-10-05 05:22:57
13776,759379,3,46078609,60',Allison Pantuso (Lexington SC) Yellow Card at 60',2025-10-05 05:22:57
13776,759379,4,46078652,63',Reese Tappan (Spokane Zephyr FC) Yellow Card at 63',2025-10-05 05:22:57
13776,759379,5,46078783,72',Felicia Knox (Spokane Zephyr FC) Substitution at 72',2025-10-05 05:22:57
13776,759379,6,46078799,72',Lena Silano (Spokane Zephyr FC) Substitution at 72',2025-10-05 05:22:57
13776,759379,7,46078800,72',Shea Collins (Spokane Zephyr FC) Substitution at 72',2025-10-05 05:22:57
13776,759379,8,46078845,76',Madelyn Desiano (Spokane Zephyr FC) Substitution at 76',2025-10-05 05:22:57
13776,759379,9,46078851,77',Shea Moyer (Lexington SC) Substitution at 77',2025-10-05 05:22:57
13776,759379,10,46078852,77',Hannah White (Lexington SC) Substitution at 77',2025-10-05 05:22:57
13776,759379,11,46078914,82',Ginger Fontenot (Spokane Zephyr FC) Substitution at 82',2025-10-05 05:22:57
13776,759380,0,46117978,53',Addie McCain (Lexington SC) Yellow Card at 53',2025-10-11 02:11:20
13776,759380,1,46118011,58',Rylee Baisden (Carolina Ascent FC) Yellow Card at 58',2025-10-11 02:11:20
13776,759380,2,46118060,63',Hannah White (Lexington SC) Substitution at 63',2025-10-11 02:11:20
13776,759380,3,46118076,63',Shea Moyer (Lexington SC) Substitution at 63',2025-10-11 02:11:20
13776,759380,4,46118138,72',Audrey Harding (Carolina Ascent FC) Goal at 72',2025-10-11 02:11:20
13776,759380,5,46118144,72',Madison Perez (Lexington SC) Substitution at 72',2025-10-11 02:11:20
13776,759380,6,46118158,75',Sydney Studer (Carolina Ascent FC) Yellow Card at 75',2025-10-11 02:11:20
13776,759380,7,46118255,85',Amber Nguyen (Lexington SC) Substitution at 85',2025-10-11 02:11:20
13776,759380,8,46118293,89',Brianna Martinez (Carolina Ascent FC) Yellow Card at 89',2025-10-11 02:11:20
13776,759380,9,46118320,90'+1',Alyssa Walker (Carolina Ascent FC) Substitution at 91',2025-10-11 02:11:20
13776,759380,10,46118373,90'+7',Addie McCain (Lexington SC) Goal at 97',2025-10-11 02:11:20
13776,759380,11,46118404,90'+7',Macey Bader (Carolina Ascent FC) Substitution at 97',2025-10-11 02:11:20
13776,759381,0,46125768,26',Ava Tankersley (Tampa Bay Sun FC) Yellow Card at 26',2025-10-13 05:20:03
13776,759381,1,46125787,26',Vivianne Bessette (Tampa Bay Sun FC) Yellow Card at 26',2025-10-13 05:20:03
13776,759381,2,46125867,38',Natasha Flint (Tampa Bay Sun FC) Goal at 38',2025-10-13 05:20:03
13776,759381,3,46125999,45',Catherine Zimmerman (Brooklyn FC) Substitution at 45',2025-10-13 05:20:03
13776,759381,4,46126007,45',Sofia Lewis (Brooklyn FC) Substitution at 45',2025-10-13 05:20:03
13776,759381,5,46126077,59',Gabby Provenzano (Tampa Bay Sun FC) Substitution at 59',2025-10-13 05:20:03
13776,759381,6,46126086,61',Rebecca Cooke (Brooklyn FC) Goal at 61',2025-10-13 05:20:03
13776,759381,7,46126101,62',Natasha Flint (Tampa Bay Sun FC) Yellow Card at 62',2025-10-13 05:20:03
13776,759381,8,46126139,69',Jordan Zade (Tampa Bay Sun FC) Substitution at 69',2025-10-13 05:20:03
13776,759381,9,46126140,69',Sandrine Mauron (Tampa Bay Sun FC) Substitution at 69',2025-10-13 05:20:03
13776,759381,10,46126218,78',Emma Loving (Brooklyn FC) Substitution at 78',2025-10-13 05:20:03
13776,759381,11,46126237,80',Ava Tankersley (Tampa Bay Sun FC) Goal at 80',2025-10-13 05:20:03
13776,759381,12,46126286,84',Sandrine Mauron (Tampa Bay Sun FC) Yellow Card at 84',2025-10-13 05:20:03
13776,759381,13,46126346,90'+1',Catherine Zimmerman (Brooklyn FC) Goal at 91',2025-10-13 05:20:03
13776,759381,14,46126353,90'+2',Ana Maria Markovic (Brooklyn FC) Substitution at 92',2025-10-13 05:20:03
13776,759381,15,46126369,90'+6',Ana Maria Markovic (Brooklyn FC) Yellow Card at 96',2025-10-13 05:20:03
13776,759382,0,46135521,60',Tori Waldeck (Spokane Zephyr FC) Goal at 60',2025-10-13 05:20:03
13776,759382,1,46135559,67',Maya McCutcheon (Dallas Trinity FC) Own Goal at 67',2025-10-13 05:20:03
13776,759382,2,46135568,67',Camryn Lancaster (Dallas Trinity FC) Substitution at 67',2025-10-13 05:20:03
13776,759382,3,46135569,67',Rhea Moore (Dallas Trinity FC) Substitution at 67',2025-10-13 05:20:03
13776,759382,4,46135581,70',Hannah Davison (Dallas Trinity FC) Yellow Card at 70',2025-10-13 05:20:03
13776,759382,5,46135622,77',Felicia Knox (Spokane Zephyr FC) Substitution at 77',2025-10-13 05:20:03
13776,759382,6,46135636,77',Ginger Fontenot (Spokane Zephyr FC) Substitution at 77',2025-10-13 05:20:03
13776,759382,7,46135644,79',Kiley Dulaney (Dallas Trinity FC) Substitution at 79',2025-10-13 05:20:03
13776,759382,8,46135648,79',Caroline Kelly (Dallas Trinity FC) Substitution at 79',2025-10-13 05:20:03
13776,759382,9,46135678,81',Amber Brooks (Dallas Trinity FC) Yellow Card at 81',2025-10-13 05:20:03
13776,759382,10,46135712,86',Lucy Shepherd (Dallas Trinity FC) Substitution at 86',2025-10-13 05:20:03
13776,759382,11,46135729,86',Lena Silano (Spokane Zephyr FC) Substitution at 86',2025-10-13 05:20:03
13776,759382,12,46135730,86',Shea Collins (Spokane Zephyr FC) Substitution at 86',2025-10-13 05:20:03
13776,759382,13,46135742,88',Charley Boone (Spokane Zephyr FC) Substitution at 88',2025-10-13 05:20:03
13776,759383,0,46147049,44',Meg Hughes (Sporting Jax) Yellow Card at 44',2025-10-15 05:15:13
13776,759383,1,46147160,45',Katie Sullivan (Sporting Jax) Substitution at 45',2025-10-15 05:15:13
13776,759383,2,46147286,60',Valentina Perrotta (DC Power FC) Substitution at 60',2025-10-15 05:15:13
13776,759383,3,46147326,64',Jade Pennock (Sporting Jax) Goal at 64',2025-10-15 05:15:13
13776,759383,4,46147361,66',Jessica Hunt (Sporting Jax) Substitution at 66',2025-10-15 05:15:13
13776,759383,5,46147440,76',Charlie Estcourt (DC Power FC) Substitution at 76',2025-10-15 05:15:13
13776,759383,6,46147441,76',Margie Detrizio (DC Power FC) Substitution at 76',2025-10-15 05:15:13
13776,759383,7,46147483,80',Baylee Desmit (Sporting Jax) Substitution at 80',2025-10-15 05:15:13
13776,759383,8,46147540,84',Daviana Vaka (Sporting Jax) Substitution at 84',2025-10-15 05:15:13
13776,759383,9,46149783,90'+2',Julia Lester (Sporting Jax) Yellow Card at 92',2025-10-16 05:16:58
13776,759384,0,46172503,23',Leah Scarpelli (Brooklyn FC) Yellow Card at 23',2025-10-19 05:22:21
13776,759384,1,46172549,24',Brianna Martinez (Carolina Ascent FC) Goal at 24',2025-10-19 05:22:21
13776,759384,2,46172786,35',Jillienne Aguilera (Carolina Ascent FC) Yellow Card at 35',2025-10-19 05:22:21
13776,759384,3,46172971,42',Jordan Thompson (Brooklyn FC) Yellow Card at 42',2025-10-19 05:22:21
13776,759384,4,46173527,56',Jillienne Aguilera (Carolina Ascent FC) Goal at 56',2025-10-19 05:22:21
13776,759384,5,46173763,64',Sofia Lewis (Brooklyn FC) Substitution at 64',2025-10-19 05:22:21
13776,759384,6,46173851,67',Sofia Lewis (Brooklyn FC) Goal at 67',2025-10-19 05:22:21
13776,759384,7,46174167,75',Hope Breslin (Brooklyn FC) Yellow Card at 75',2025-10-19 05:22:21
13776,759384,8,46174261,79',Alyssa Walker (Carolina Ascent FC) Substitution at 79',2025-10-25 05:18:56
13776,759384,9,46174299,79',Alyssa Walker (Carolina Ascent FC) Yellow Card at 79',2025-10-19 05:22:21
13776,759384,10,46174383,83',Emily Pringle (Brooklyn FC) Substitution at 83',2025-10-19 05:22:21
13776,759384,11,46174554,89',Emily Morris (Carolina Ascent FC) Yellow Card at 89',2025-10-19 05:22:21
13776,759384,12,46174555,90',Chloe Hylton (Carolina Ascent FC) Substitution at 90',2025-10-19 05:22:21
13776,759384,13,46174607,90',Audrey Harding (Carolina Ascent FC) Yellow Card at 90',2025-10-19 05:22:21
13776,759384,14,46174641,90'+2',Sam Rosette (Brooklyn FC) Substitution at 92',2025-10-19 05:22:21
13776,759384,15,46174729,90'+6',Luana Karoline Grabias (Carolina Ascent FC) Substitution at 96',2025-10-19 05:22:21
13776,759384,16,46174758,90'+6',Meaghan Nally (Carolina Ascent FC) Substitution at 96',2025-10-19 05:22:21
13776,759385,0,46174553,18',Sydny Nasello (Tampa Bay Sun FC) Goal at 18',2025-10-19 05:22:21
13776,759385,1,46175450,45',Meg Hughes (Sporting Jax) Substitution at 45',2025-10-19 05:22:21
13776,759385,2,46175543,45',Gabby Provenzano (Tampa Bay Sun FC) Substitution at 45',2025-10-19 05:22:21
13776,759385,3,46175544,51',Julia Lester (Sporting Jax) Yellow Card at 51',2025-10-19 05:22:21
13776,759385,4,46175641,58',Victoria Haugen (Tampa Bay Sun FC) Substitution at 58',2025-10-19 05:22:21
13776,759385,5,46175647,59',Mckenna Battilla (Tampa Bay Sun FC) Substitution at 59',2025-10-19 05:22:21
13776,759385,6,46175709,62',Katie Sullivan (Sporting Jax) Substitution at 62',2025-10-19 05:22:21
13776,759385,7,46175724,63',Katie Sullivan (Sporting Jax) Yellow Card at 63',2025-10-19 05:22:21
13776,759385,8,46175777,67',Jade Pennock (Sporting Jax) Yellow Card at 67',2025-10-19 05:22:21
13776,759385,9,46175791,69',Baylee Desmit (Sporting Jax) Substitution at 69',2025-10-19 05:22:21
13776,759385,10,46175854,74',Emma Gaines-Ramos (Tampa Bay Sun FC) Substitution at 74',2025-10-19 05:22:21
13776,759385,11,46176006,82',Sandrine Mauron (Tampa Bay Sun FC) Substitution at 82',2025-10-19 05:22:21
13776,759385,12,46176034,83',Andrea Fernández (Sporting Jax) Substitution at 83',2025-10-19 05:22:21
13776,759385,13,46176049,83',Ashlyn Puerta (Sporting Jax) Goal at 83',2025-10-19 05:22:21
13776,759386,0,46184629,52',Ally Cook (Spokane Zephyr FC) Penalty - Scored at 52',2025-10-20 05:22:45
13776,759386,1,46184674,54',Ellie Gilbert (DC Power FC) Substitution at 54',2025-10-20 05:22:45
13776,759386,2,46184860,64',Katie Duong (DC Power FC) Substitution at 64',2025-10-20 05:22:45
13776,759386,3,46184904,67',Ginger Fontenot (Spokane Zephyr FC) Substitution at 67',2025-10-20 05:22:45
13776,759386,4,46185019,72',Lena Silano (Spokane Zephyr FC) Substitution at 72',2025-10-20 05:22:45
13776,759386,5,46185020,72',Charley Boone (Spokane Zephyr FC) Substitution at 72',2025-10-28 05:16:01
13776,759386,6,46185114,78',Margie Detrizio (DC Power FC) Substitution at 78',2025-10-20 05:22:45
13776,759386,7,46185115,78',Charlie Estcourt (DC Power FC) Substitution at 78',2025-10-20 05:22:45
13776,759386,8,46185174,82',Cameron Tucker (Spokane Zephyr FC) Yellow Card at 82',2025-10-20 05:22:45
13776,759386,9,46185224,84',Madelyn Desiano (Spokane Zephyr FC) Substitution at 84',2025-10-20 05:22:45
13776,759386,10,46185225,84',Felicia Knox (Spokane Zephyr FC) Substitution at 84',2025-10-20 05:22:45
13776,759386,11,46185349,90'+5',Gianna Gourley (DC Power FC) Goal at 95',2025-10-20 05:22:45
13776,759387,0,46155558,17',Shea Moyer (Lexington SC) Goal at 17',2025-10-18 05:22:43
13776,759387,1,46155560,25',Sarah Griffith (Lexington SC) Goal at 25',2025-10-17 05:17:02
13776,759387,2,46155561,27',Bella Hara (Fort Lauderdale United FC) Red Card at 27',2025-10-17 05:17:02
13776,759387,3,46155562,30',Haley Craig (Fort Lauderdale United FC) Substitution at 30',2025-10-17 05:17:02
13776,759387,4,46155580,43',Sarah Griffith (Lexington SC) Goal at 43',2025-10-17 05:17:02
13776,759387,5,46155621,45',Princess Ademiluyi (Fort Lauderdale United FC) Substitution at 45',2025-10-17 05:17:02
13776,759387,6,46155661,60',Hannah White (Lexington SC) Substitution at 60',2025-10-18 05:22:43
13776,759387,7,46155662,60',Catherine Barry (Lexington SC) Substitution at 60',2025-10-18 05:22:43
13776,759387,8,46155674,67',Addie McCain (Lexington SC) Goal at 67',2025-10-18 05:22:43
13776,759387,9,46155675,71',Jasmine Hamid (Fort Lauderdale United FC) Yellow Card at 71',2025-10-18 05:22:43
13776,759387,10,46155676,71',McKenzie Weinert (Lexington SC) Substitution at 71',2025-10-18 05:22:43
13776,759387,11,46155677,72',Madison Perez (Lexington SC) Substitution at 72',2025-10-25 05:18:56
13776,759387,12,46155678,73',Tatiana Fung (Lexington SC) Yellow Card at 73',2025-10-18 05:22:43
13776,759387,13,46155679,76',Madison McComasky (Fort Lauderdale United FC) Substitution at 76',2025-10-18 05:22:43
13776,759387,14,46155680,76',Lilly McCarthy (Fort Lauderdale United FC) Substitution at 76',2025-10-18 05:22:43
13776,759387,15,46155681,76',Kathrynn González (Fort Lauderdale United FC) Substitution at 76',2025-10-18 05:22:43
13776,759387,16,46155682,78',Catherine Barry (Lexington SC) Goal at 78',2025-10-18 05:22:43
13776,759387,17,46155683,79',Justina Gaynor (Lexington SC) Substitution at 79',2025-10-18 05:22:43
13776,759387,18,46155684,81',Lilly McCarthy (Fort Lauderdale United FC) Goal at 81',2025-10-18 05:22:43
13776,759388,0,46281764,59',Rylee Baisden (Carolina Ascent FC) Goal at 59',2025-11-01 05:18:07
13776,759388,1,46281765,60',Cameron Tucker (Spokane Zephyr FC) Substitution at 60',2025-11-01 05:18:07
13776,759388,2,46281781,68',Rylee Baisden (Carolina Ascent FC) Goal at 68',2025-11-01 05:18:07
13776,759388,3,46281790,72',Maggie Johnston (Spokane Zephyr FC) Substitution at 72',2025-11-01 05:18:07
13776,759388,4,46281794,72',Lena Silano (Spokane Zephyr FC) Substitution at 72',2025-11-01 05:18:07
13776,759388,5,46281805,76',Audrey Harding (Carolina Ascent FC) Yellow Card at 76',2025-11-01 05:18:07
13776,759388,6,46281816,81',Ally Cook (Spokane Zephyr FC) Penalty - Scored at 81',2025-11-01 05:18:07
13776,759388,7,46281840,90'+5',Margaret Pierce (Carolina Ascent FC) Substitution at 95',2025-11-01 05:18:07
13776,759388,8,46281843,90'+6',Mia Corbin (Carolina Ascent FC) Substitution at 96',2025-11-01 05:18:07
13776,759389,0,46285754,17',Sarah Griffith (Lexington SC) Goal at 17',2025-11-01 05:18:07
13776,759389,1,46286327,45',Madison Kemp (Sporting Jax) Substitution at 45',2025-11-01 05:18:07
13776,759389,2,46286346,51',Emina Ekic (Lexington SC) Goal at 51',2025-11-01 05:18:07
13776,759389,3,46286428,65',Daviana Vaka (Sporting Jax) Substitution at 65',2025-11-01 05:18:07
13776,759389,4,46286494,73',Catherine Barry (Lexington SC) Goal at 73',2025-11-01 05:18:07
13776,759389,5,46286507,74',Shea Moyer (Lexington SC) Substitution at 74',2025-11-01 05:18:07
13776,759389,6,46286508,74',McKenzie Weinert (Lexington SC) Substitution at 74',2025-11-01 05:18:07
13776,759389,7,46286517,79',Paige Kenton (Sporting Jax) Goal at 79',2025-11-01 05:18:07
13776,759389,8,46286547,83',Andrea Fernández (Sporting Jax) Substitution at 83',2025-11-09 15:08:00
13776,759389,9,46286553,83',Madison Perez (Lexington SC) Substitution at 83',2025-11-09 15:08:00
13776,759389,10,46286554,84',Katie Sullivan (Sporting Jax) Substitution at 84',2025-11-01 05:18:07
13776,759389,11,46286591,89',Hannah White (Lexington SC) Substitution at 89',2025-11-01 05:18:07
13776,759389,12,46286601,90',Shea Moyer (Lexington SC) Goal at 90',2025-11-01 05:18:07
13776,759389,13,46286617,90'+6',Ashlyn Puerta (Sporting Jax) Goal at 96',2025-11-01 05:18:07
13776,759390,0,46302889,7',Rebecca Cooke (Brooklyn FC) Goal at 7',2025-11-02 05:18:08
13776,759390,1,46302994,30',Catherine Zimmerman (Brooklyn FC) Yellow Card at 30',2025-11-02 05:18:08
13776,759390,2,46303079,39',Kelli Van Treeck (Fort Lauderdale United FC) Goal at 39',2025-11-02 05:18:08
13776,759390,3,46303333,45',Jasmine Hamid (Fort Lauderdale United FC) Substitution at 45',2025-11-02 05:18:08
13776,759390,4,46303372,52',Leah Scarpelli (Brooklyn FC) Substitution at 52',2025-11-02 05:18:08
13776,759390,5,46303441,67',Sofia Lewis (Brooklyn FC) Substitution at 67',2025-11-02 05:18:08
13776,759390,6,46303443,67',Stella Nyamekye (Fort Lauderdale United FC) Yellow Card at 67',2025-11-02 05:18:08
13776,759390,7,46303454,71',Darya Rajaee (Fort Lauderdale United FC) Substitution at 71',2025-11-02 05:18:08
13776,759390,8,46303507,76',Jordan Thompson (Brooklyn FC) Yellow Card at 76',2025-11-02 05:18:08
13776,759390,9,46303508,76',Princess Ademiluyi (Fort Lauderdale United FC) Substitution at 76',2025-11-02 05:18:08
13776,759390,10,46303536,81',Mylena (Brooklyn FC) Substitution at 81',2025-11-02 05:18:08
13776,759390,11,46303582,86',Taylor Smith (Fort Lauderdale United FC) Yellow Card at 86',2025-11-02 05:18:08
13776,759390,12,46303608,89',Laurel Ansbrow (Fort Lauderdale United FC) Substitution at 89',2025-11-02 05:18:08
13776,759390,13,46303643,90',Sam Rosette (Brooklyn FC) Yellow Card at 90',2025-11-03 06:17:05
13776,759390,14,46303633,90'+3',Taylor Smith (Fort Lauderdale United FC) Red Card at 93',2025-11-03 06:17:05
13776,759391,0,46315695,13',Jaydah Bedoya (DC Power FC) Goal at 13',2025-11-03 06:17:05
13776,759391,1,46315803,18',Gracie Brian (Dallas Trinity FC) Yellow Card at 18',2025-11-03 06:17:05
13776,759391,2,46315826,20',Camryn Lancaster (Dallas Trinity FC) Goal at 20',2025-11-03 06:17:05
13776,759391,3,46316956,66',Loza Abera (DC Power FC) Substitution at 66',2025-11-03 06:17:05
13776,759391,4,46316957,66',Katrina Guillou (DC Power FC) Substitution at 66',2025-11-03 06:17:05
13776,759391,5,46317037,70',Susanna Friedrichs (DC Power FC) Goal at 70',2025-11-03 06:17:05
13776,759391,6,46317057,71',Tamara Bolt (Dallas Trinity FC) Substitution at 71',2025-11-03 06:17:05
13776,759391,7,46317082,71',Sealey Strawn (Dallas Trinity FC) Substitution at 71',2025-11-03 06:17:05
13776,759391,8,46317175,76',Rhea Moore (Dallas Trinity FC) Substitution at 76',2025-11-03 06:17:05
13776,759391,9,46317237,78',Gianna Gourley (DC Power FC) Goal at 78',2025-11-03 06:17:05
13776,759391,10,46317270,79',Kiley Dulaney (Dallas Trinity FC) Substitution at 79',2025-11-03 06:17:05
13776,759391,11,46317386,85',Gracie Brian (Dallas Trinity FC) Goal at 85',2025-11-03 06:17:05
13776,759391,12,46317531,90'+3',Claire Constant (DC Power FC) Substitution at 93',2025-11-03 06:17:05
13776,759391,13,46317592,90'+7',Dasia Torbert (DC Power FC) Substitution at 97',2025-11-03 06:17:05
13776,759391,14,46317694,90'+11',Loza Abera (DC Power FC) Yellow Card at 101',2025-11-03 06:17:05
13776,759392,0,46360012,31',Paige Almendariz (DC Power FC) Yellow Card at 31',2025-11-09 15:08:00
13776,759392,1,46360281,45',Katie Duong (DC Power FC) Yellow Card at 45',2025-11-09 15:08:00
13776,759392,2,46360569,49',Leah Scarpelli (Brooklyn FC) Goal at 49',2025-11-09 15:08:00
13776,759392,3,46360803,60',Na Yeong Shin (Brooklyn FC) Substitution at 60',2025-11-09 15:08:00
13776,759392,4,46360804,60',Claire Constant (DC Power FC) Substitution at 60',2025-11-09 15:08:00
13776,759392,5,46360826,60',Dasia Torbert (DC Power FC) Substitution at 60',2025-11-09 15:08:00
13776,759392,6,46360992,68',Emily Colton (DC Power FC) Substitution at 68',2025-11-09 15:08:00
13776,759392,7,46361024,68',Loza Abera (DC Power FC) Substitution at 68',2025-11-09 15:08:00
13776,759392,8,46361101,72',Sofia Lewis (Brooklyn FC) Substitution at 72',2025-11-09 15:08:00
13776,759392,9,46361168,73',Leah Scarpelli (Brooklyn FC) Yellow Card at 73',2025-11-09 15:08:00
13776,759392,10,46361242,77',Kelsey Daugherty (Brooklyn FC) Yellow Card at 77',2025-11-09 15:08:00
13776,759392,11,46361280,77',Ana Maria Markovic (Brooklyn FC) Substitution at 77',2025-11-09 15:08:00
13776,759392,12,46361291,78',Jennifer Cudjoe (Brooklyn FC) Substitution at 78',2025-11-09 15:08:00
13776,759392,13,46361431,83',Claire Constant (DC Power FC) Yellow Card at 83',2025-11-09 15:08:00
13776,759392,14,46361631,89',Antoinette Williams (Brooklyn FC) Yellow Card at 89',2025-11-09 15:08:00
13776,759393,0,46361877,6',Paige Kenton (Sporting Jax) Goal at 6',2025-11-09 15:08:00
13776,759393,1,46362075,23',Ashlyn Puerta (Sporting Jax) Goal at 23',2025-11-09 15:08:00
13776,759393,2,46362703,57',Caroline Kelly (Dallas Trinity FC) Substitution at 57',2025-11-09 15:08:00
13776,759393,3,46362704,57',Sealey Strawn (Dallas Trinity FC) Substitution at 57',2025-11-09 15:08:00
13776,759393,4,46362725,57',Rhea Moore (Dallas Trinity FC) Substitution at 57',2025-11-09 15:08:00
13776,759393,5,46362705,58',Kiley Dulaney (Dallas Trinity FC) Substitution at 58',2025-11-09 15:08:00
13776,759393,6,46362785,58',Jade Pennock (Sporting Jax) Substitution at 58',2025-11-09 15:08:00
13776,759393,7,46362809,64',Andrea Fernández (Sporting Jax) Substitution at 64',2025-11-09 15:08:00
13776,759393,8,46362897,71',Maya McCutcheon (Dallas Trinity FC) Red Card at 71',2025-11-09 15:08:00
13776,759393,9,46363320,81',Amber Brooks (Dallas Trinity FC) Yellow Card at 81',2025-11-09 15:08:00
13776,759393,10,46363085,85',Daviana Vaka (Sporting Jax) Substitution at 85',2025-11-09 15:08:00
13776,759393,11,46363177,90'+5',Daviana Vaka (Sporting Jax) Yellow Card at 95',2025-11-09 15:08:00
13776,759393,12,46363208,90'+8',Ashlyn Puerta (Sporting Jax) Penalty - Saved at 98',2025-11-09 15:08:00
13776,759394,0,46364194,56',Mia Corbin (Carolina Ascent FC) Substitution at 56',2025-11-09 15:08:00
13776,759394,1,46364230,61',Kathrynn González (Fort Lauderdale United FC) Substitution at 61',2025-11-09 15:08:00
13776,759394,2,46364343,71',Jasmine Hamid (Fort Lauderdale United FC) Goal at 71',2025-11-09 15:08:00
13776,759394,3,46364364,73',Princess Ademiluyi (Fort Lauderdale United FC) Substitution at 73',2025-11-09 15:08:00
13776,759394,4,46364365,73',Kelli Van Treeck (Fort Lauderdale United FC) Substitution at 73',2025-11-09 15:08:00
13776,759394,5,46364515,84',Chloe Hylton (Carolina Ascent FC) Substitution at 84',2025-11-09 15:08:00
13776,759394,6,46364565,89',Kate Colvin (Fort Lauderdale United FC) Substitution at 89',2025-11-09 15:08:00
13776,759394,7,46364579,89',Luana Karoline Grabias (Carolina Ascent FC) Substitution at 89',2025-11-09 15:08:00
13776,759394,8,46364593,90'+1',Lily Nabet (Fort Lauderdale United FC) Yellow Card at 91',2025-11-09 15:08:00
13776,759394,9,46364601,90'+2',Chloe Hylton (Carolina Ascent FC) Yellow Card at 92',2025-11-09 15:08:00
13776,759395,0,46374623,2',Ginger Fontenot (Spokane Zephyr FC) Yellow Card at 2',2025-11-10 06:11:26
13776,759395,1,46375042,19',Vivianne Bessette (Tampa Bay Sun FC) Goal at 19',2025-11-10 06:11:26
13776,759395,2,46376138,62',Victoria Haugen (Tampa Bay Sun FC) Substitution at 62',2025-11-10 06:11:26
13776,759395,3,46376142,63',Jordan Zade (Tampa Bay Sun FC) Substitution at 63',2025-11-10 06:11:26
13776,759395,4,46376156,63',Aryssa Mahrt (Spokane Zephyr FC) Substitution at 63',2025-11-10 06:11:26
13776,759395,5,46376203,65',Sandrine Mauron (Tampa Bay Sun FC) Yellow Card at 65',2025-11-10 06:11:26
13776,759395,6,46376231,68',Gabby Provenzano (Tampa Bay Sun FC) Substitution at 68',2025-11-10 06:11:26
13776,759395,7,46376241,68',Madison Parsons (Tampa Bay Sun FC) Substitution at 68',2025-11-10 06:11:26
13776,759395,8,46376390,76',Maggie Johnston (Spokane Zephyr FC) Substitution at 76',2025-11-10 06:11:26
13776,759395,9,46376526,80',Emma Gaines-Ramos (Tampa Bay Sun FC) Substitution at 80',2025-11-10 06:11:26
